순위,선수명,팀명,ERA,G,W,L,SV,HLD,WPCT,IP,H,HR,BB,HBP,SO,R,ER,WHIP,CG,SHO,QS,BSV,TBF,NP,AVG,2B,3B,SAC,SF,IBB,WP,BK
1,김현수,KIA,0.00,1,0,0,0,0,-,2,2,0,1,0,2,0,0,1.50,0,0,0,0,9,39,0.250,0,0,0,0,0,0,0
2,전상현,KIA,2.61,43,3,2,2,15,0.600,41 1/3,30,4,6,3,36,12,12,0.87,0,0,0,2,161,587,0.203,3,0,4,0,0,0,0
3,이태양,KIA,2.62,32,1,0,0,6,1.000,34 1/3,32,2,8,1,24,10,10,1.17,0,0,0,0,140,540,0.252,5,0,2,2,0,0,0
4,곽도규,KIA,2.93,42,2,0,2,11,1.000,30 2/3,28,2,14,4,35,10,10,1.37,0,0,0,3,136,539,0.243,3,0,1,2,1,1,0
5,올러,KIA,3.03,29,11,9,0,0,0.550,172 1/3,124,13,60,8,175,62,58,1.07,1,1,19,0,695,2719,0.201,16,3,7,3,0,4,1
6,조상우,KIA,3.21,70,8,4,1,20,0.667,61 2/3,59,4,25,3,42,27,22,1.36,0,0,0,5,268,1034,0.260,8,0,10,3,3,1,1
7,성영탁,KIA,3.23,58,3,3,13,7,0.500,55 2/3,56,5,15,1,41,26,20,1.28,0,0,0,3,236,850,0.258,11,0,3,0,2,1,0
8,네일,KIA,3.53,30,12,7,0,0,0.632,176,171,12,36,16,149,71,69,1.18,0,0,19,0,733,2761,0.255,30,0,6,5,1,2,0
9,양현종,KIA,4.29,25,12,6,0,0,0.667,119 2/3,119,14,57,3,82,65,57,1.47,0,0,2,0,536,2084,0.255,20,1,4,5,0,1,0
10,장재혁,KIA,4.50,4,0,0,0,0,-,6,6,0,5,0,5,3,3,1.83,0,0,0,0,29,110,0.261,0,1,1,0,0,1,0
10,한재승,KIA,4.50,45,1,0,0,1,1.000,42,38,5,22,3,26,22,21,1.43,0,0,0,0,186,726,0.239,9,1,2,0,0,3,0
10,홍건희,KIA,4.50,4,0,0,0,1,-,4,5,1,1,0,2,3,2,1.50,0,0,0,0,19,79,0.278,1,0,0,0,0,0,0
13,시라카와,KIA,4.65,17,4,5,0,0,0.444,79 1/3,66,8,43,3,67,42,41,1.37,0,0,2,0,344,1437,0.224,11,0,2,2,0,3,1
14,김태형,KIA,4.99,24,3,4,0,0,0.429,79 1/3,91,11,35,5,52,52,44,1.59,0,0,2,0,363,1429,0.287,10,0,3,3,0,3,1
15,황동하,KIA,5.09,26,7,6,0,1,0.538,92,97,18,42,5,70,57,52,1.51,0,0,5,0,411,1662,0.269,10,0,2,1,0,2,0
16,김기훈,KIA,5.40,2,0,0,0,0,-,1 2/3,0,0,4,0,1,1,1,2.40,0,0,0,0,8,44,0.000,0,0,0,1,0,1,0
17,김범수,KIA,5.77,59,1,3,1,13,0.250,39,51,3,29,3,34,26,25,2.05,0,0,0,4,192,776,0.321,6,2,0,1,3,2,0
18,정해영,KIA,6.29,54,4,2,2,11,0.667,48 2/3,57,7,16,2,40,39,34,1.50,0,0,0,1,219,865,0.289,9,1,3,1,1,1,0
19,김시훈,KIA,6.75,3,0,0,0,0,-,4,5,0,2,1,3,3,3,1.75,0,0,0,0,20,78,0.313,2,0,1,0,0,0,0
20,이의리,KIA,6.79,38,2,9,6,2,0.182,62 1/3,62,9,58,3,71,47,47,1.93,0,0,0,3,303,1306,0.262,8,2,3,2,0,5,1
21,최지민,KIA,7.36,44,1,0,0,2,1.000,36 2/3,55,8,14,4,30,31,30,1.88,0,0,0,1,182,716,0.342,8,0,2,1,1,1,0
22,홍민규,KIA,7.59,17,1,2,0,0,0.333,21 1/3,28,2,10,0,18,18,18,1.78,0,0,0,0,102,358,0.311,10,0,1,1,0,4,0
23,김건국,KIA,7.94,6,0,0,0,0,-,5 2/3,6,1,5,0,6,6,5,1.94,0,0,0,0,29,111,0.261,2,0,0,1,0,1,0
24,지현,KIA,9.00,3,0,0,0,0,-,4,6,2,3,0,1,4,4,2.25,0,0,0,0,21,82,0.333,1,0,0,0,0,1,0
1,대니엘,KT,2.13,10,5,2,0,0,0.714,55,45,2,18,2,69,15,13,1.15,0,0,6,0,228,944,0.220,7,0,0,3,0,0,0
2,박영현,KT,2.37,55,7,0,29,0,1.000,60 2/3,48,6,26,0,63,18,16,1.22,0,0,0,4,258,1084,0.211,9,2,2,3,3,6,0
3,배제성,KT,2.76,20,3,2,0,1,0.600,75,69,4,39,2,65,27,23,1.44,0,0,3,0,327,1275,0.248,13,2,4,4,0,5,0
4,보쉴리,KT,3.16,11,7,3,0,0,0.700,62 2/3,68,3,15,1,56,23,22,1.32,0,0,5,0,268,1000,0.272,10,1,2,0,0,2,0
5,소형준,KT,3.23,22,9,3,0,0,0.750,125 1/3,132,9,23,4,98,49,45,1.24,0,0,13,0,524,1985,0.269,17,2,3,3,2,2,0
6,우규민,KT,3.35,51,1,0,0,5,1.000,40 1/3,44,4,7,4,19,19,15,1.26,0,0,0,0,172,612,0.280,7,0,3,1,1,0,1
7,김정운,KT,3.38,22,1,0,2,4,1.000,24,18,2,13,3,25,10,9,1.29,0,0,0,0,106,433,0.205,4,0,1,1,0,0,0
8,고영표,KT,3.38,28,14,7,0,0,0.667,167 2/3,160,16,22,11,178,64,63,1.09,1,1,18,0,687,2583,0.248,23,3,6,2,0,0,0
9,손동현,KT,3.57,68,6,2,0,14,0.750,63,55,8,27,3,54,25,25,1.30,0,0,0,6,263,1047,0.242,7,1,1,5,4,3,0
10,로건,KT,3.59,17,7,5,0,0,0.583,92 2/3,104,11,27,4,83,41,37,1.41,0,0,7,0,404,1576,0.283,15,2,5,0,1,3,0
11,주권,KT,4.25,50,3,1,0,2,0.750,53,56,5,19,2,24,27,25,1.42,0,0,0,0,226,812,0.280,6,1,4,1,2,3,0
12,전용주,KT,4.37,63,5,2,0,10,0.714,45 1/3,38,1,35,4,45,22,22,1.61,0,0,0,3,205,793,0.235,9,0,2,2,4,4,0
13,사우어,KT,4.88,18,7,5,0,0,0.583,101 1/3,102,9,45,13,71,57,55,1.45,0,0,9,0,455,1745,0.263,20,4,2,7,1,12,0
14,오원석,KT,5.69,26,7,7,0,1,0.500,98,115,9,32,5,92,65,62,1.50,0,0,5,0,433,1723,0.293,18,0,2,2,0,5,0
15,김민수,KT,5.70,39,2,3,1,3,0.400,42 2/3,49,5,17,2,36,31,27,1.55,0,0,0,1,194,683,0.288,8,1,3,2,4,3,0
16,스기모토,KT,5.90,73,1,2,0,25,0.333,71 2/3,88,8,27,5,69,57,47,1.60,0,0,0,3,331,1282,0.299,9,2,3,2,2,7,0
17,이정현,KT,6.00,7,0,0,0,0,-,6,8,1,3,1,8,4,4,1.83,0,0,0,0,30,120,0.308,0,2,0,0,0,0,0
18,한승혁,KT,6.68,35,3,2,0,10,0.600,32 1/3,39,4,22,0,37,26,24,1.89,0,0,0,4,157,601,0.298,3,2,3,1,1,5,0
19,이상동,KT,7.23,29,0,1,0,8,0.000,23 2/3,25,6,8,1,16,20,19,1.39,0,0,0,1,101,383,0.275,4,0,0,1,0,0,0
20,문용익,KT,8.27,13,0,1,0,0,0.000,16 1/3,19,2,13,0,15,15,15,1.96,0,0,0,0,80,316,0.292,6,0,0,2,1,1,0
21,한차현,KT,8.31,3,0,1,0,0,0.000,8 2/3,16,3,4,0,9,10,8,2.31,0,0,0,0,46,181,0.390,2,0,0,1,0,0,0
22,한승주,KT,16.88,4,0,0,0,1,-,2 2/3,7,1,2,0,3,6,5,3.38,0,0,0,0,18,76,0.438,0,0,0,0,0,0,0
23,임준형,KT,18.00,1,0,0,0,0,-,1,4,0,0,0,1,2,2,4.00,0,0,0,0,7,19,0.667,0,1,1,0,0,0,0
24,장민호,KT,19.29,3,0,0,0,0,-,2 1/3,7,1,1,0,1,5,5,3.43,0,0,0,0,14,50,0.538,1,0,0,0,0,0,0
25,박지훈,KT,20.25,2,0,0,0,0,-,2 2/3,4,1,3,2,3,6,6,2.63,0,0,0,0,17,62,0.333,0,0,0,0,0,1,0
1,이민호,LG,0.00,1,0,0,0,0,-,1,0,0,1,0,1,0,0,1.00,0,0,0,0,4,18,0.000,0,0,0,0,0,0,0
1,최지명,LG,-,1,0,0,0,0,-,0,3,1,0,0,0,3,3,-,0,0,0,0,3,9,1.000,1,0,0,0,0,0,0
3,유영찬,LG,0.75,13,0,1,11,0,0.000,12,4,0,6,0,12,1,1,0.83,0,0,0,0,45,182,0.103,0,0,0,0,0,0,0
4,김유영,LG,1.80,5,0,0,0,0,-,5,3,0,4,0,8,1,1,1.40,0,0,0,0,21,96,0.176,1,0,0,0,0,0,0
5,고우석,LG,2.04,14,3,1,1,4,0.750,17 2/3,13,1,5,0,24,5,4,1.02,0,0,0,1,69,239,0.203,1,0,0,0,0,3,0
6,김강률,LG,2.45,9,0,0,0,4,-,7 1/3,5,0,6,1,7,2,2,1.50,0,0,0,0,35,144,0.179,0,0,0,0,0,1,0
7,손주영,LG,2.94,46,1,2,31,0,0.333,49,44,2,30,4,50,16,16,1.51,0,0,0,4,220,839,0.242,4,1,4,0,1,3,0
8,이종준,LG,3.00,2,0,0,0,0,-,3,1,0,0,1,3,1,1,0.33,0,0,0,0,11,50,0.100,1,0,0,0,0,0,0
9,케네디,LG,3.32,20,1,1,0,9,0.500,21 2/3,15,0,8,4,22,8,8,1.06,0,0,0,0,86,349,0.205,2,0,1,0,1,0,0
10,이우찬,LG,3.46,31,0,0,0,3,-,26,22,1,14,1,23,11,10,1.38,0,0,0,1,113,437,0.229,2,0,1,1,1,2,0
11,리오스,LG,3.63,14,1,2,2,5,0.333,17 1/3,16,2,7,0,17,7,7,1.33,0,0,0,0,74,278,0.250,3,0,1,2,0,0,0
12,박시원,LG,3.79,29,2,4,0,0,0.333,59 1/3,67,2,22,7,50,29,25,1.50,0,0,0,0,266,1015,0.285,4,1,2,0,0,6,0
13,김진수,LG,3.86,59,6,4,1,12,0.600,60 2/3,62,7,23,2,38,30,26,1.40,0,0,0,2,266,1014,0.267,9,1,5,4,1,2,0
14,카라스코,LG,3.93,10,6,2,0,0,0.750,55,47,3,9,5,43,27,24,1.02,0,0,5,0,227,842,0.225,4,1,0,4,0,2,1
15,장현식,LG,4.02,32,7,3,2,7,0.700,53 2/3,61,5,17,1,39,24,24,1.45,0,0,0,3,230,882,0.289,9,0,0,1,1,4,0
16,웰스,LG,4.11,19,5,5,0,0,0.500,96 1/3,90,13,30,2,83,50,44,1.25,0,0,7,0,411,1594,0.240,16,4,2,2,0,0,0
17,김영우,LG,4.17,51,3,0,0,5,1.000,45 1/3,50,3,18,0,37,21,21,1.50,0,0,0,1,202,761,0.281,7,1,4,2,1,1,0
18,톨허스트,LG,4.32,29,12,11,0,0,0.522,158 1/3,165,16,36,10,126,78,76,1.27,0,0,16,0,679,2609,0.264,33,0,4,5,0,7,1
19,임찬규,LG,4.44,30,15,7,0,0,0.682,166 1/3,183,12,41,10,100,84,82,1.35,0,0,13,0,714,2643,0.282,26,1,9,4,0,1,0
20,김진성,LG,4.94,53,6,2,1,18,0.750,47 1/3,57,6,18,2,35,26,26,1.58,0,0,0,2,215,835,0.303,13,1,2,5,2,1,0
21,우강훈,LG,4.99,67,0,2,0,20,0.000,52 1/3,54,4,23,6,48,33,29,1.47,0,0,0,5,238,902,0.258,7,1,0,0,0,5,0
22,송승기,LG,5.53,16,3,3,0,0,0.500,70,89,11,23,0,54,46,43,1.60,0,0,1,0,320,1333,0.305,15,2,3,2,0,4,0
23,김윤식,LG,6.11,31,0,1,0,5,0.000,35 1/3,33,2,27,6,20,25,24,1.70,0,0,0,0,165,656,0.254,6,0,1,1,0,2,0
24,함덕주,LG,6.19,37,2,1,1,6,0.667,32,34,4,13,3,20,22,22,1.47,0,0,0,1,142,610,0.270,3,1,0,0,0,1,0
25,치리노스,LG,6.68,8,2,3,0,0,0.400,33 2/3,47,4,14,4,28,26,25,1.81,0,0,0,0,164,648,0.331,8,0,3,1,0,1,0
26,양우진,LG,6.75,3,0,0,0,0,-,2 2/3,3,1,2,0,3,3,2,1.88,0,0,0,0,14,60,0.250,0,0,0,0,0,1,0
27,이정용,LG,7.31,30,1,4,0,1,0.200,56 2/3,87,4,26,4,26,51,46,1.99,0,0,0,0,283,994,0.355,13,2,3,5,0,4,0
28,이상영,LG,8.49,8,0,1,0,0,0.000,11 2/3,20,1,9,4,5,12,11,2.49,0,0,0,0,63,238,0.400,3,0,0,0,0,1,0
29,조건희,LG,9.00,2,0,0,0,0,-,2,4,1,2,0,1,2,2,3.00,0,0,0,0,12,47,0.400,0,0,0,0,0,0,0
30,배재준,LG,10.54,29,1,3,0,2,0.250,27 1/3,31,3,21,7,24,32,32,1.90,0,0,0,1,139,535,0.287,5,0,2,1,0,3,0
31,조원태,LG,10.80,6,0,0,0,0,-,6 2/3,14,1,5,2,7,9,8,2.85,0,0,0,0,41,137,0.424,2,0,0,1,0,2,0
32,성동현,LG,11.12,5,0,0,0,0,-,5 2/3,10,2,4,1,5,8,7,2.47,0,0,0,0,33,126,0.357,0,0,0,0,0,0,0
33,백승현,LG,15.43,9,0,0,0,0,-,7,11,2,6,0,8,12,12,2.43,0,0,0,0,38,164,0.355,1,0,0,1,0,3,0
34,김대현,LG,108.00,1,0,0,0,0,-,1/3,5,1,1,0,0,5,4,18.00,0,0,0,0,7,30,0.833,2,0,0,0,0,0,0
1,김재열,NC,0.00,1,0,0,0,0,-,1,0,0,0,0,1,0,0,0.00,0,0,0,0,3,11,0.000,0,0,0,0,0,0,0
2,최우석,NC,1.50,13,0,0,0,0,-,12,11,0,7,2,11,2,2,1.50,0,0,0,0,53,209,0.250,0,0,0,0,0,1,0
3,라일리,NC,2.69,22,8,1,0,0,0.889,133 2/3,105,18,35,0,162,41,40,1.05,0,0,16,0,529,2104,0.214,18,1,0,4,1,4,0
4,박지한,NC,2.70,3,0,0,0,0,-,3 1/3,1,0,4,2,4,1,1,1.50,0,0,0,0,17,75,0.091,0,0,0,0,0,0,0
5,신영우,NC,2.86,42,1,2,1,7,0.333,34 2/3,18,1,47,6,54,15,11,1.88,0,0,0,0,174,725,0.154,2,0,2,2,0,9,1
5,이준혁,NC,2.86,33,0,1,0,1,0.000,34 2/3,21,1,22,5,34,15,11,1.24,0,0,0,1,152,625,0.174,1,0,2,2,1,4,0
7,클레빈저,NC,3.31,4,0,0,0,0,-,16 1/3,17,3,10,0,17,6,6,1.65,0,0,1,0,75,295,0.266,3,0,1,0,0,1,0
8,김영규,NC,3.92,28,1,2,0,2,0.333,20 2/3,23,2,17,1,19,9,9,1.94,0,0,0,0,104,375,0.284,5,0,3,2,2,1,0
9,최요한,NC,3.97,14,0,0,0,1,-,11 1/3,8,1,6,0,10,6,5,1.24,0,0,0,0,48,168,0.195,1,0,1,0,1,0,0
10,구창모,NC,4.01,28,12,7,0,0,0.632,157,160,20,46,6,131,83,70,1.31,0,0,14,0,673,2536,0.261,27,6,5,2,1,6,0
11,이용준,NC,4.01,30,1,2,2,9,0.333,24 2/3,28,0,15,1,16,12,11,1.74,0,0,0,4,114,464,0.301,2,1,4,1,2,2,0
12,김태훈,NC,4.50,17,0,1,1,0,0.000,16,16,2,4,1,13,10,8,1.25,0,0,0,1,68,281,0.258,2,0,1,0,0,2,0
13,버하겐,NC,4.68,6,1,1,0,0,0.500,25,23,2,11,1,24,13,13,1.36,0,0,0,0,109,447,0.245,2,1,2,1,0,1,0
14,테일러,NC,4.78,23,7,6,0,0,0.538,124 1/3,115,10,50,14,95,71,66,1.33,0,0,8,0,531,2119,0.249,22,1,3,2,0,6,0
15,신민혁,NC,4.79,8,0,3,0,0,0.000,35 2/3,32,6,13,3,17,21,19,1.26,0,0,0,0,152,596,0.244,9,0,2,3,1,1,0
16,배재환,NC,4.84,59,4,4,1,17,0.500,48 1/3,48,5,20,2,46,30,26,1.41,0,0,0,5,214,833,0.258,8,1,2,4,1,2,0
17,전사민,NC,5.08,68,6,6,10,6,0.500,62,56,4,37,9,45,44,35,1.50,0,0,0,7,287,1020,0.246,11,2,8,5,6,11,0
18,토다,NC,5.09,28,8,11,0,0,0.421,143 1/3,169,21,52,2,106,92,81,1.54,1,0,9,0,637,2422,0.295,26,6,4,6,0,7,0
19,임지민,NC,5.40,49,4,5,6,9,0.444,46 2/3,38,7,31,2,57,32,28,1.48,0,0,0,7,208,853,0.220,10,1,1,1,0,8,0
19,최성영,NC,5.40,7,1,1,0,0,0.500,8 1/3,16,3,1,0,7,6,5,2.04,0,0,0,0,41,175,0.400,0,0,0,0,0,1,0
21,김태경,NC,5.76,21,0,1,0,0,0.000,45 1/3,49,7,25,2,38,33,29,1.63,0,0,1,0,205,860,0.280,10,2,2,1,0,5,0
22,이재학,NC,6.11,7,0,2,0,0,0.000,17 2/3,20,4,10,1,13,14,12,1.70,0,0,0,0,81,330,0.299,5,0,1,2,0,0,0
23,김준원,NC,6.14,12,0,1,0,0,0.000,14 2/3,15,2,12,3,18,16,10,1.84,0,0,0,0,75,314,0.254,2,0,0,1,0,1,0
23,원종해,NC,6.14,17,0,1,0,1,0.000,29 1/3,33,3,15,7,15,22,20,1.64,0,0,0,0,141,527,0.284,7,1,1,2,0,2,0
25,김진호,NC,6.15,58,3,5,1,18,0.375,45 1/3,40,5,51,4,39,33,31,2.01,0,0,0,2,227,925,0.241,9,1,5,1,0,6,1
26,손주환,NC,6.34,46,2,3,1,4,0.400,38 1/3,41,4,24,3,42,34,27,1.70,0,0,0,3,187,745,0.265,8,0,2,3,2,2,0
27,송명기,NC,6.75,23,1,3,0,1,0.250,38 2/3,47,10,18,4,37,29,29,1.68,0,0,0,0,184,802,0.290,7,1,0,0,1,1,0
28,임정호,NC,7.62,21,0,0,0,1,-,13,19,1,7,0,13,11,11,2.00,0,0,0,0,64,277,0.333,5,0,0,0,0,1,0
29,목지훈,NC,8.64,5,0,1,0,0,0.000,8 1/3,12,3,8,1,6,9,8,2.40,0,0,0,0,44,165,0.343,0,0,0,0,0,0,0
30,류진욱,NC,8.72,40,3,7,4,1,0.300,32,47,7,16,5,27,31,31,1.97,0,0,0,2,160,678,0.348,8,1,4,0,0,0,0
31,하준영,NC,9.90,10,0,0,0,0,-,10,10,2,9,0,11,11,11,1.90,0,0,0,0,48,210,0.270,0,0,0,2,1,1,0
32,홍재문,NC,45.00,2,0,0,0,0,-,1,3,1,2,0,0,5,5,5.00,0,0,0,0,8,24,0.500,0,1,0,0,0,0,0
1,아빌라,SSG,1.44,14,9,2,0,0,0.818,93 2/3,67,1,27,3,93,18,15,1.00,2,1,13,0,364,1359,0.202,7,1,2,0,0,3,0
2,조병현,SSG,2.38,55,2,4,23,0,0.333,53,32,4,28,6,68,17,14,1.13,0,0,0,2,225,945,0.172,1,0,4,1,1,2,0
3,이건욱,SSG,3.13,47,1,2,0,3,0.333,46,35,4,20,1,38,19,16,1.20,0,0,0,0,188,760,0.213,6,0,2,1,1,2,1
4,김민,SSG,3.36,71,6,4,1,21,0.600,64 1/3,56,2,32,3,70,33,24,1.37,0,0,0,3,276,1004,0.238,7,0,3,3,5,4,1
5,문승원,SSG,3.50,61,2,2,2,16,0.500,61 2/3,57,6,32,7,33,28,24,1.44,0,0,0,2,276,1081,0.250,10,0,6,3,5,1,0
6,김민준,SSG,3.56,17,9,3,0,0,0.750,91,69,8,38,3,76,36,36,1.18,0,0,9,0,377,1519,0.207,15,0,1,2,0,5,0
7,정동윤,SSG,3.86,3,0,0,0,0,-,4 2/3,1,0,4,1,4,2,2,1.07,0,0,0,0,19,88,0.071,0,0,0,0,0,2,0
8,화이트,SSG,4.11,6,1,1,0,0,0.500,30 2/3,37,1,15,2,29,15,14,1.70,0,0,3,0,142,557,0.298,5,0,0,1,0,2,0
9,최민준,SSG,4.66,29,4,6,0,0,0.400,100 1/3,97,13,48,6,70,57,52,1.45,0,0,0,1,438,1726,0.256,14,0,3,2,0,4,1
10,노경은,SSG,4.72,52,3,5,0,10,0.375,47 2/3,49,11,19,2,36,27,25,1.43,0,0,0,6,209,810,0.271,9,1,5,2,3,2,0
11,서진용,SSG,4.76,16,0,0,0,0,-,17,18,3,8,0,15,11,9,1.53,0,0,0,0,76,298,0.277,2,0,1,2,0,1,0
12,전영준,SSG,5.66,62,4,3,2,5,0.571,55 2/3,53,12,31,7,65,42,35,1.51,0,0,0,2,252,999,0.250,5,1,1,1,1,1,0
13,한두솔,SSG,5.80,35,0,1,0,0,0.000,35 2/3,41,2,10,6,26,24,23,1.43,0,0,0,0,164,595,0.283,6,1,1,2,0,0,0
14,이로운,SSG,6.00,49,7,4,0,7,0.636,63,66,7,30,1,59,42,42,1.52,0,0,2,2,281,1130,0.269,13,0,3,2,5,2,0
14,이준기,SSG,6.00,3,0,0,0,0,-,6,5,0,4,3,6,4,4,1.50,0,0,0,0,30,129,0.238,3,0,0,2,0,2,0
16,해치,SSG,6.02,8,2,4,0,0,0.333,40 1/3,53,4,15,2,38,32,27,1.69,0,0,2,0,188,746,0.315,12,0,1,2,0,2,0
17,베니지아노,SSG,6.10,16,2,5,0,0,0.286,79 2/3,98,14,32,9,68,59,54,1.63,0,0,1,0,372,1447,0.302,17,0,6,0,0,1,0
18,박시후,SSG,6.17,44,0,2,0,1,0.000,46 2/3,53,9,23,3,38,37,32,1.63,0,0,0,1,215,851,0.288,7,0,2,3,0,4,0
19,김건우,SSG,6.38,28,9,11,0,0,0.450,132 2/3,154,23,75,10,120,105,94,1.73,0,0,5,0,626,2551,0.288,23,2,2,4,0,2,0
20,타케다,SSG,7.41,28,2,10,0,0,0.167,98 1/3,140,12,44,4,75,82,81,1.87,0,0,2,0,471,1804,0.334,23,2,1,3,0,6,0
21,장지훈,SSG,8.31,12,0,0,0,0,-,17 1/3,21,3,6,2,9,16,16,1.56,0,0,0,0,80,281,0.292,4,0,0,0,1,0,0
22,이기순,SSG,8.38,9,1,1,0,0,0.500,9 2/3,14,0,13,3,8,9,9,2.79,0,0,0,0,58,236,0.333,4,0,0,0,0,1,0
23,최용준,SSG,8.40,15,0,0,0,0,-,15,20,4,12,3,9,14,14,2.13,0,0,0,0,79,328,0.317,6,1,1,0,1,0,0
24,변건우,SSG,9.00,2,0,0,0,0,-,2,1,0,3,0,2,2,2,2.00,0,0,0,0,10,39,0.143,1,0,0,0,0,0,0
25,백승건,SSG,9.49,8,0,0,0,0,-,12 1/3,15,2,14,0,9,14,13,2.35,0,0,0,0,66,277,0.313,4,1,1,3,0,0,0
26,긴지로,SSG,9.56,4,0,3,0,0,0.000,16,18,5,14,1,18,17,17,2.00,0,0,0,0,81,357,0.290,2,0,2,2,0,0,1
27,김도현,SSG,12.27,7,0,0,0,0,-,7 1/3,8,1,12,1,6,10,10,2.73,0,0,0,0,42,176,0.276,2,0,0,0,0,1,0
28,윤태현,SSG,13.50,1,0,0,0,0,-,2,1,1,2,2,1,3,3,1.50,0,0,0,0,10,42,0.167,0,0,0,0,0,0,0
29,신상연,SSG,30.00,3,0,0,0,0,-,3,4,2,9,0,2,10,10,4.33,0,0,0,0,22,97,0.308,0,0,0,0,0,0,0
30,김택형,SSG,40.50,1,0,0,0,0,-,2/3,1,1,2,0,1,3,3,4.50,0,0,0,0,5,25,0.333,0,0,0,0,0,0,0
1,최원준,두산,0.00,2,0,0,0,0,-,2,1,0,1,0,1,0,0,1.00,0,0,0,0,7,30,0.167,1,0,0,0,0,0,0
1,최주형,두산,0.00,8,0,0,0,0,-,7,4,0,7,0,8,0,0,1.57,0,0,0,0,31,145,0.167,2,0,0,0,0,0,0
3,곽빈,두산,2.24,27,11,7,0,0,0.611,161,129,11,39,5,197,45,40,1.04,0,0,20,0,647,2664,0.216,22,2,1,6,0,5,0
4,벤자민,두산,2.31,24,9,7,0,0,0.563,132 2/3,116,6,37,4,141,42,34,1.15,0,0,12,0,545,2123,0.234,24,3,7,1,0,5,0
5,김정우,두산,2.31,60,2,3,2,10,0.400,58 1/3,38,3,30,7,48,15,15,1.17,0,0,0,1,244,966,0.189,7,0,4,2,1,3,0
6,김택연,두산,2.57,54,3,3,4,13,0.500,56,37,7,30,3,72,17,16,1.20,0,0,0,5,238,1033,0.184,5,0,4,0,2,2,0
7,김영현,두산,3.00,6,0,0,0,0,-,6,4,0,3,0,4,2,2,1.17,0,0,0,0,25,96,0.190,2,0,1,0,0,0,0
8,최민석,두산,3.20,27,14,5,0,0,0.737,146 1/3,143,8,54,7,129,65,52,1.35,0,0,15,0,632,2436,0.253,23,2,4,2,0,5,1
9,이영하,두산,3.22,60,6,5,26,0,0.545,67,51,3,35,4,88,24,24,1.28,0,0,0,4,291,1109,0.207,11,0,4,2,1,4,0
10,타카다,두산,3.25,38,3,1,0,8,0.750,52 2/3,44,3,23,5,46,20,19,1.27,0,0,0,1,221,878,0.234,5,1,3,2,0,2,0
11,김명신,두산,3.38,3,1,0,0,0,1.000,2 2/3,3,0,1,1,0,1,1,1.50,0,0,0,0,13,41,0.300,1,0,0,1,0,0,0
12,윤태호,두산,3.80,26,1,1,1,1,0.500,23 2/3,24,1,13,0,23,14,10,1.56,0,0,0,1,107,439,0.261,4,0,1,1,0,1,0
13,이용찬,두산,3.89,48,3,1,1,7,0.750,44,42,10,9,4,41,19,19,1.16,0,0,0,0,186,732,0.249,5,0,4,0,0,1,0
14,잭로그,두산,4.27,30,8,7,0,0,0.533,164 1/3,181,21,30,13,137,88,78,1.28,0,0,13,0,709,2596,0.276,33,2,8,2,0,1,0
15,최준호,두산,4.30,16,4,1,0,0,0.800,23,20,4,12,1,25,15,11,1.39,0,0,0,0,104,442,0.225,3,0,2,0,0,4,0
16,박치국,두산,4.88,55,0,1,0,8,0.000,48,63,3,14,7,45,33,26,1.60,0,0,0,0,229,871,0.312,13,1,4,2,1,1,0
17,박정수,두산,5.14,7,0,0,0,0,-,7,7,1,5,0,3,6,4,1.71,0,0,0,0,31,121,0.292,1,0,1,1,1,0,0
18,서준오,두산,5.40,4,0,0,0,0,-,3 1/3,5,1,0,0,3,2,2,1.50,0,0,0,0,15,58,0.333,1,0,0,0,0,0,0
18,플렉센,두산,5.40,2,0,2,0,0,0.000,5,2,1,6,2,3,4,3,1.60,0,0,0,0,26,111,0.111,0,0,0,0,0,0,0
20,이병헌,두산,5.52,57,2,1,0,8,0.667,44,58,5,20,3,37,37,27,1.77,0,0,0,4,215,888,0.307,6,0,2,1,0,3,0
21,양재훈,두산,5.92,26,2,3,0,2,0.400,24 1/3,27,3,14,4,31,18,16,1.68,0,0,0,0,116,522,0.278,3,0,1,0,2,6,0
22,김동주,두산,5.93,13,0,0,0,0,-,13 2/3,13,4,8,0,14,9,9,1.54,0,0,0,0,59,249,0.265,2,0,2,0,0,2,0
23,박신지,두산,6.37,21,0,2,0,0,0.000,35 1/3,40,6,16,2,30,28,25,1.58,0,0,0,0,162,587,0.288,9,1,2,3,0,3,0
24,최승용,두산,6.45,25,3,14,0,0,0.176,113,138,14,45,5,82,86,81,1.62,0,0,3,0,522,2036,0.299,25,2,7,4,0,8,0
25,김한중,두산,6.75,5,0,0,0,0,-,4,4,0,1,1,5,3,3,1.25,0,0,0,0,18,81,0.267,2,0,0,1,0,0,0
26,타무라,두산,7.31,17,1,1,0,2,0.500,16,28,3,5,1,14,13,13,2.06,0,0,0,0,81,320,0.384,6,0,0,2,0,2,0
27,최지강,두산,9.45,16,0,0,0,0,-,13 1/3,21,0,7,3,13,17,14,2.10,0,0,0,0,70,290,0.356,3,1,1,0,1,3,1
1,김기준,롯데,1.17,8,0,0,0,0,-,7 2/3,10,0,1,0,7,1,1,1.43,0,0,0,0,32,119,0.323,3,0,0,0,0,1,0
2,이준서,롯데,2.16,9,0,0,0,0,-,8 1/3,6,1,1,0,4,3,2,0.84,0,0,0,0,33,122,0.194,2,0,1,0,0,0,0
3,이진하,롯데,2.74,25,2,0,0,1,1.000,23,27,1,6,1,14,8,7,1.43,0,0,0,0,99,363,0.300,4,0,0,2,1,2,0
4,박정민,롯데,3.83,60,9,4,1,13,0.692,56 1/3,36,5,38,3,64,24,24,1.31,0,0,0,3,238,1047,0.184,9,0,1,0,2,1,0
5,최준용,롯데,3.97,58,4,3,15,9,0.571,56 2/3,57,5,26,2,59,30,25,1.46,0,0,0,7,251,966,0.260,11,1,2,2,2,3,0
6,로드리게스,롯데,4.28,29,10,11,0,0,0.476,159 2/3,157,23,56,10,186,81,76,1.33,0,0,13,0,695,2782,0.253,29,6,7,1,0,15,1
7,나균안,롯데,4.29,25,6,11,0,0,0.353,142 2/3,165,19,42,2,123,73,68,1.45,0,0,10,0,621,2392,0.294,30,1,7,8,1,5,0
8,김진욱,롯데,4.29,25,6,9,0,0,0.400,138 1/3,138,18,50,7,117,77,66,1.36,0,0,10,0,606,2344,0.257,27,0,10,2,0,4,0
9,김강현,롯데,4.50,24,1,0,0,3,1.000,22,27,1,12,0,10,12,11,1.77,0,0,0,0,103,380,0.303,6,0,1,1,1,1,0
10,현도훈,롯데,4.67,53,4,3,0,5,0.571,52,46,3,27,2,37,33,27,1.40,0,0,0,1,227,947,0.240,5,1,5,1,2,3,0
11,박세웅,롯데,4.71,26,3,9,0,0,0.250,143 1/3,164,12,51,13,125,84,75,1.50,0,0,11,0,643,2455,0.290,38,1,10,4,0,3,0
12,정현수,롯데,4.76,13,0,1,0,0,0.000,5 2/3,9,1,4,0,5,3,3,2.29,0,0,0,0,30,133,0.360,3,0,0,1,0,0,0
12,홍민기,롯데,4.76,13,0,1,0,2,0.000,5 2/3,10,0,6,4,8,3,3,2.82,0,0,0,1,35,139,0.400,2,1,0,0,0,3,0
14,비슬리,롯데,4.96,27,10,8,0,0,0.556,147,164,13,44,14,159,85,81,1.41,0,0,12,0,660,2450,0.279,30,3,11,4,0,7,2
15,김원중,롯데,4.98,65,1,5,5,20,0.167,56,56,4,23,6,44,36,31,1.41,0,0,0,2,253,954,0.259,14,0,6,2,4,7,0
16,구승민,롯데,5.00,9,0,0,0,0,-,9,9,1,5,1,7,5,5,1.56,0,0,0,0,42,158,0.250,1,0,0,0,0,0,0
17,박준우,롯데,5.06,13,0,0,0,0,-,16,22,2,6,2,10,13,9,1.75,0,0,0,0,75,300,0.344,3,1,2,1,0,2,0
18,이영재,롯데,5.25,19,0,0,0,0,-,12,13,0,6,1,16,7,7,1.58,0,0,0,0,56,240,0.265,2,0,0,0,0,0,0
19,이승헌,롯데,6.00,7,0,0,0,0,-,6,7,0,4,0,4,5,4,1.83,0,0,0,0,29,120,0.280,2,0,0,0,0,0,0
19,이이무라,롯데,6.00,31,2,3,5,8,0.400,33,42,3,6,1,27,25,22,1.45,0,0,0,0,145,510,0.309,5,0,1,1,0,1,0
21,이민석,롯데,6.19,21,2,2,0,1,0.500,52 1/3,58,4,31,3,38,39,36,1.70,0,0,1,0,242,934,0.284,10,0,0,4,0,4,0
22,김창훈,롯데,6.75,3,0,0,0,0,-,2 2/3,5,0,0,0,2,2,2,1.88,0,0,0,0,12,45,0.455,0,0,0,1,0,2,0
22,정철원,롯데,6.75,34,1,2,0,3,0.333,28,33,3,14,1,21,21,21,1.68,0,0,0,2,128,507,0.306,10,0,5,0,0,4,0
24,쿄야마,롯데,7.59,10,0,1,0,1,0.000,10 2/3,14,1,9,0,13,10,9,2.16,0,0,0,0,54,222,0.318,3,0,1,0,0,2,0
25,김한결,롯데,8.10,8,0,1,0,0,0.000,10,7,2,6,1,9,10,9,1.30,0,0,0,0,45,172,0.184,1,0,0,0,0,0,0
26,최이준,롯데,8.31,15,0,1,0,0,0.000,13,12,2,11,0,9,13,12,1.77,0,0,0,0,60,242,0.245,2,0,0,0,1,3,0
27,윤성빈,롯데,9.64,6,0,0,0,0,-,4 2/3,5,0,7,0,3,5,5,2.57,0,0,0,0,26,101,0.263,3,0,0,0,0,1,0
28,김태균,롯데,10.97,6,0,1,0,0,0.000,10 2/3,22,1,4,0,12,13,13,2.44,0,0,0,0,58,232,0.415,9,0,0,1,0,0,0
29,박세진,롯데,14.54,8,0,0,0,0,-,4 1/3,11,2,3,0,4,7,7,3.23,0,0,0,0,27,89,0.458,1,0,0,0,0,2,0
30,신동건,롯데,18.00,1,0,0,0,0,-,1,1,0,4,0,1,2,2,5.00,0,0,0,0,8,33,0.333,0,0,0,1,0,0,0
30,최충연,롯데,18.00,1,0,0,0,0,-,1,3,0,1,0,0,2,2,4.00,0,0,0,0,7,28,0.500,2,0,0,0,0,0,0
1,박용재,삼성,-,1,0,0,0,0,-,0,3,1,1,0,0,3,3,-,0,0,0,0,4,21,1.000,1,0,0,0,0,1,0
1,이재익,삼성,0.00,4,0,0,0,0,-,4 1/3,4,0,1,0,5,0,0,1.15,0,0,0,0,18,79,0.250,0,0,0,1,0,0,0
3,배찬승,삼성,2.34,55,4,2,1,10,0.667,42 1/3,35,5,35,4,38,14,11,1.65,0,0,0,1,197,817,0.229,5,0,2,3,3,8,0
4,최지광,삼성,2.45,25,4,0,1,8,1.000,22,20,0,7,3,21,8,6,1.23,0,0,0,2,96,381,0.235,4,0,0,1,1,0,0
5,이재희,삼성,2.51,19,1,0,1,3,1.000,14 1/3,12,1,13,4,14,5,4,1.74,0,0,0,0,69,289,0.240,0,0,1,1,1,4,0
6,김태훈,삼성,2.54,46,2,1,0,8,0.667,39,29,4,10,4,27,16,11,1.00,0,0,0,3,161,601,0.206,7,1,5,1,1,1,0
7,이승민,삼성,2.70,73,6,2,2,23,0.750,66 2/3,54,4,32,1,59,24,20,1.29,0,0,0,0,280,1171,0.224,8,0,6,0,1,0,0
8,페덱,삼성,2.95,12,7,3,0,0,0.700,73 1/3,59,6,11,2,78,26,24,0.95,0,0,9,0,290,1183,0.217,13,0,4,1,0,3,0
9,김재윤,삼성,3.13,63,7,5,35,0,0.583,63 1/3,42,4,24,1,64,23,22,1.04,0,0,0,5,255,1041,0.184,8,0,2,0,2,1,0
10,후라도,삼성,3.27,23,9,2,0,0,0.818,146,151,14,27,4,96,64,53,1.22,0,0,17,0,616,2230,0.262,14,4,5,4,0,7,0
11,장찬희,삼성,4.14,40,4,5,0,3,0.444,76,74,13,29,4,57,40,35,1.36,0,0,1,0,335,1290,0.253,15,3,4,5,2,1,1
12,김백산,삼성,4.20,6,1,1,0,0,0.500,15,11,3,11,1,10,7,7,1.47,0,0,0,0,65,253,0.212,2,0,0,1,0,0,0
13,원태인,삼성,4.52,26,7,9,0,0,0.438,145 1/3,168,6,34,8,117,75,73,1.39,0,0,11,0,632,2478,0.291,37,4,8,5,0,1,1
14,최원태,삼성,4.68,24,7,5,0,0,0.583,125,134,14,45,5,119,71,65,1.43,0,0,8,0,541,2137,0.278,19,2,7,2,0,6,0
15,보스,삼성,4.80,6,2,3,0,0,0.400,30,40,2,7,1,37,17,16,1.57,0,0,2,0,134,512,0.317,7,1,0,0,0,0,0
16,임기영,삼성,4.80,41,0,1,0,1,0.000,54 1/3,60,7,11,3,38,31,29,1.31,0,0,0,1,234,913,0.276,13,0,1,2,1,0,0
17,오러클린,삼성,4.86,17,5,5,0,0,0.500,83 1/3,78,7,38,10,81,48,45,1.39,0,0,7,0,366,1510,0.253,20,1,5,5,0,4,0
18,양창섭,삼성,5.01,28,8,2,0,0,0.800,91 2/3,104,11,34,7,71,53,51,1.51,1,1,4,0,410,1532,0.286,21,0,2,3,0,3,0
19,미야지,삼성,5.87,36,0,1,0,3,0.000,30 2/3,26,5,23,7,30,20,20,1.60,0,0,0,1,143,541,0.234,5,0,2,0,0,4,0
19,사토시,삼성,5.87,16,1,2,1,2,0.333,15 1/3,17,5,5,1,9,10,10,1.43,0,0,0,1,66,254,0.298,4,0,2,1,0,1,0
21,이승현,삼성,6.02,60,5,1,1,11,0.833,43 1/3,59,5,24,1,40,32,29,1.92,0,0,0,0,196,744,0.310,10,0,2,1,0,4,0
22,이승현,삼성,6.54,19,0,3,0,0,0.000,42 2/3,54,6,18,1,40,33,31,1.69,0,0,0,0,196,744,0.310,10,0,2,1,0,4,0
23,백정현,삼성,6.56,28,3,2,0,3,0.600,23 1/3,21,6,10,0,16,17,17,1.33,0,0,0,1,98,360,0.247,3,1,2,1,0,1,0
24,김무신,삼성,10.80,3,0,0,0,0,-,1 2/3,2,1,3,0,3,2,2,3.00,0,0,0,0,9,46,0.333,0,0,0,0,0,0,0
25,육선엽,삼성,11.57,2,0,0,0,0,-,2 1/3,2,1,3,1,3,3,3,2.14,0,0,0,0,13,53,0.286,1,0,1,1,0,2,0
26,정재훈,삼성,20.25,2,0,0,0,0,-,1 1/3,3,1,0,1,1,3,3,2.25,0,0,0,0,7,16,0.500,0,0,0,0,0,0,0
27,양현,삼성,27.00,2,0,0,0,0,-,2/3,2,0,0,0,0,2,2,3.00,0,0,0,0,4,16,0.500,1,0,0,0,0,0,0
28,홍원표,삼성,40.50,1,0,0,0,0,-,2/3,2,1,1,0,0,3,3,4.50,0,0,0,0,5,18,0.500,0,0,0,0,0,0,0
1,안우진,키움,3.54,23,5,8,0,0,0.385,112,104,8,39,6,132,46,44,1.28,0,0,7,0,483,1879,0.241,18,4,4,3,0,5,0
2,김성민,키움,3.60,12,1,1,0,1,0.500,10,10,0,4,5,10,5,4,1.40,0,0,0,0,49,199,0.250,3,0,0,0,0,1,0
3,알칸타라,키움,3.87,25,9,9,0,0,0.500,155 2/3,154,19,19,6,137,68,67,1.11,0,0,14,0,636,2289,0.257,24,3,7,4,0,3,0
4,박진형,키움,4.10,36,4,2,0,3,0.667,37 1/3,39,2,17,4,28,17,17,1.50,0,0,0,1,166,640,0.283,6,2,2,5,1,0,0
5,전준표,키움,4.29,21,0,6,0,0,0.000,65,64,5,46,10,37,41,31,1.69,0,0,2,0,312,1257,0.253,11,2,0,3,0,9,0
6,하영민,키움,4.37,27,8,9,0,0,0.471,134,145,10,45,8,115,74,65,1.42,0,0,10,0,592,2245,0.278,32,5,6,11,0,7,0
7,박지성,키움,4.40,42,2,3,0,2,0.400,47,46,8,24,4,31,28,23,1.49,0,0,0,1,213,843,0.250,10,1,0,1,0,4,0
8,조영건,키움,4.50,47,1,1,3,6,0.500,42,44,7,11,4,31,24,21,1.31,0,0,0,0,182,658,0.272,9,2,2,3,1,1,0
9,로젠버그,키움,4.80,7,0,2,0,0,0.000,30,37,2,10,3,32,16,16,1.57,0,0,0,0,137,556,0.301,7,0,0,1,0,0,0
10,유토,키움,5.19,59,5,5,14,12,0.500,50 1/3,64,6,18,0,54,30,29,1.63,0,0,0,5,226,982,0.323,13,2,7,3,1,3,0
11,와일스,키움,5.40,5,0,4,0,0,0.000,25,37,3,3,1,18,17,15,1.60,0,0,2,0,117,431,0.343,5,0,1,4,0,1,0
12,오석주,키움,5.47,14,0,1,0,0,0.000,24 2/3,27,0,19,3,19,16,15,1.86,0,0,0,0,124,489,0.278,7,0,3,2,0,1,0
13,임진묵,키움,5.68,7,0,0,0,0,-,6 1/3,6,0,7,0,6,4,4,2.05,0,0,0,0,31,128,0.250,0,1,0,0,0,0,0
14,박정훈,키움,5.71,42,2,3,0,11,0.400,58 1/3,62,3,36,7,46,39,37,1.68,0,0,0,3,275,1061,0.272,14,1,3,1,0,6,1
15,박준현,키움,5.75,22,1,10,0,0,0.091,87 2/3,84,6,73,1,87,57,56,1.79,0,0,2,0,410,1712,0.255,24,1,3,3,0,5,1
16,이강준,키움,5.91,11,1,0,0,2,1.000,10 2/3,13,1,9,3,10,8,7,2.06,0,0,0,0,54,227,0.317,3,0,0,1,0,1,0
17,정다훈,키움,6.11,29,1,0,0,0,1.000,28,35,5,20,3,15,19,19,1.96,0,0,0,0,137,537,0.318,5,0,2,2,1,2,0
18,김선기,키움,6.12,24,1,0,0,2,1.000,25,21,4,14,1,14,19,17,1.40,0,0,0,0,111,427,0.233,6,1,1,5,0,0,0
19,원종현,키움,6.19,53,1,4,7,8,0.200,48,60,3,16,1,35,36,33,1.58,0,0,0,2,219,843,0.311,14,0,8,1,1,5,0
20,김서준,키움,6.23,16,0,0,0,2,-,17 1/3,14,4,13,1,18,12,12,1.56,0,0,0,0,78,311,0.219,0,0,0,0,0,2,0
21,김성진,키움,6.25,34,2,3,0,8,0.400,40 1/3,57,4,14,2,27,30,28,1.76,0,0,0,1,187,710,0.345,9,1,3,3,0,0,0
22,배동현,키움,6.28,21,4,8,0,0,0.333,81 2/3,115,8,23,3,66,61,57,1.69,0,0,1,1,382,1462,0.330,32,2,3,5,0,1,0
23,김윤하,키움,6.83,12,1,2,0,0,0.333,27 2/3,36,8,18,0,21,24,21,1.95,0,0,0,0,135,566,0.316,9,1,1,2,0,0,0
24,박윤성,키움,8.31,6,0,1,0,1,0.000,4 1/3,5,1,3,1,1,4,4,1.85,0,0,0,1,20,78,0.313,1,0,0,0,0,0,0
25,윤석원,키움,8.53,22,0,0,0,0,-,19,27,3,4,0,18,18,18,1.63,0,0,0,0,86,361,0.338,7,1,0,2,0,2,0
26,이태양,키움,9.00,1,0,0,0,0,-,1,1,0,1,2,0,1,1,2.00,0,0,0,0,6,18,0.333,0,0,0,0,0,0,0
27,김재웅,키움,9.30,19,0,2,5,2,0.000,20 1/3,27,4,9,0,7,21,21,1.77,0,0,0,2,97,376,0.325,3,0,3,2,0,0,0
28,정현우,키움,9.90,15,1,2,0,0,0.333,20,28,5,10,2,10,23,22,1.90,0,0,0,0,99,385,0.333,5,1,3,0,0,2,0
29,이준우,키움,10.13,8,0,1,0,0,0.000,8,12,0,8,1,7,10,9,2.50,0,0,0,0,42,172,0.387,1,0,1,1,0,1,0
30,정세영,키움,10.43,6,0,2,0,0,0.000,14 2/3,24,3,6,1,4,19,17,2.05,0,0,0,0,76,268,0.369,4,0,3,1,0,2,0
31,최현우,키움,11.05,7,0,0,0,0,-,7 1/3,11,3,5,0,4,9,9,2.18,0,0,0,0,37,161,0.344,1,0,0,0,0,1,0
32,김연주,키움,15.88,3,0,1,0,0,0.000,5 2/3,13,0,5,1,4,14,10,3.18,0,0,0,0,38,135,0.419,3,0,0,1,0,2,0
33,김동규,키움,21.00,5,0,0,0,0,-,3,5,0,6,1,4,7,7,3.67,0,0,0,0,21,90,0.357,0,0,0,0,0,4,0
1,하동준,한화,0.00,1,0,0,0,0,-,1/3,0,0,1,0,0,0,0,3.00,0,0,0,0,2,9,0.000,0,0,0,0,0,0,0
2,장유호,한화,3.45,43,3,1,0,4,0.750,44 1/3,35,5,20,4,31,18,17,1.24,0,0,0,1,187,711,0.217,7,1,0,2,1,3,0
3,류현진,한화,3.88,25,9,6,0,0,0.600,134 2/3,136,10,20,6,115,68,58,1.16,0,0,11,0,560,2074,0.262,18,2,10,4,1,1,0
4,왕옌청,한화,3.97,26,11,6,0,0,0.647,133 2/3,145,14,58,7,100,73,59,1.52,0,0,8,0,592,2339,0.276,20,0,1,1,0,8,0
5,화이트,한화,3.98,25,8,12,0,0,0.400,138,146,10,35,6,99,67,61,1.31,0,0,11,0,595,2318,0.267,21,3,3,4,0,3,0
6,이형범,한화,4.30,26,0,0,0,0,-,29 1/3,34,4,15,2,19,22,14,1.67,0,0,0,0,139,512,0.281,9,0,1,0,2,2,0
7,조동욱,한화,4.31,75,3,4,1,10,0.429,56 1/3,66,5,22,5,57,28,27,1.56,0,0,0,3,253,969,0.306,7,1,6,4,0,1,0
8,권민규,한화,4.43,17,1,0,0,0,1.000,20 1/3,26,2,10,0,16,10,10,1.77,0,0,0,0,94,411,0.313,6,1,0,1,0,0,0
9,강재민,한화,4.50,28,0,1,0,0,0.000,26,25,1,15,5,26,13,13,1.54,0,0,0,0,117,490,0.260,3,0,1,0,0,0,0
9,원종혁,한화,4.50,16,1,0,0,0,1.000,16,19,1,11,2,10,11,8,1.88,0,0,0,0,80,286,0.288,4,0,1,0,0,1,0
11,쿠싱,한화,4.79,16,1,2,4,0,0.333,20 2/3,20,3,6,0,26,11,11,1.26,0,0,0,1,88,334,0.247,2,0,1,0,0,0,0
12,박상원,한화,4.80,56,3,4,2,11,0.429,50 2/3,53,4,18,3,52,30,27,1.40,0,0,0,3,225,849,0.268,11,1,3,3,1,2,0
13,이민우,한화,4.82,58,1,4,7,7,0.200,56,67,4,22,5,30,33,30,1.59,0,0,0,3,258,993,0.305,12,3,6,5,0,3,0
14,에르난데스,한화,4.92,16,3,6,0,0,0.333,71 1/3,78,8,27,3,47,42,39,1.47,0,0,5,0,308,1205,0.284,13,0,3,0,0,2,0
15,문동주,한화,5.18,6,1,1,0,0,0.500,24 1/3,27,3,11,3,18,16,14,1.56,0,0,1,0,110,442,0.281,6,1,0,0,0,2,0
16,이상규,한화,5.28,53,3,4,0,9,0.429,58,66,5,24,4,44,42,34,1.55,0,0,0,4,268,1022,0.283,10,1,6,1,0,3,1
17,황준서,한화,5.37,29,1,4,0,0,0.200,60 1/3,66,8,41,3,62,38,36,1.77,0,0,0,0,284,1180,0.286,6,1,7,2,0,1,0
18,윤산흠,한화,5.73,22,1,1,0,2,0.500,22,21,3,13,1,16,17,14,1.55,0,0,0,1,100,414,0.250,4,0,1,1,0,0,0
19,주현상,한화,5.87,22,1,2,0,1,0.333,23,30,6,4,0,14,20,15,1.48,0,0,0,0,101,395,0.319,7,2,1,2,0,0,0
20,박준영,한화,6.06,37,2,4,0,0,0.333,71 1/3,68,11,41,9,63,49,48,1.53,0,0,1,0,240,908,0.266,13,1,1,3,0,1,0
21,김종수,한화,6.69,43,0,1,0,4,0.000,36 1/3,41,7,27,3,29,28,27,1.87,0,0,0,1,176,663,0.289,3,3,2,2,0,1,0
22,김서현,한화,6.92,30,1,4,2,0,0.200,26,29,3,29,7,28,26,20,2.23,0,0,0,1,142,578,0.276,3,1,1,0,0,3,0
23,박준영,한화,7.56,17,2,8,0,1,0.200,50,53,12,26,11,39,44,42,1.58,0,0,1,0,240,908,0.266,13,1,1,3,0,1,0
24,정우주,한화,8.02,45,1,3,0,5,0.250,46,59,7,36,8,54,48,41,2.07,0,0,0,2,241,1026,0.311,13,1,3,4,0,5,1
25,박재규,한화,8.22,9,0,0,0,0,-,7 2/3,9,0,9,1,4,7,7,2.35,0,0,0,0,42,156,0.290,4,0,1,0,0,0,0
26,강건우,한화,8.74,16,0,0,0,0,-,22 2/3,37,5,16,1,19,23,22,2.34,0,0,0,0,123,453,0.352,1,1,0,1,0,0,0
27,짐머맨,한화,10.23,14,0,3,0,1,0.000,31 2/3,52,7,11,1,29,36,36,1.99,0,0,0,0,156,587,0.364,8,1,1,0,0,3,0
28,이교훈,한화,12.27,3,0,0,0,0,-,3 2/3,5,1,5,0,4,7,5,2.73,0,0,0,0,21,96,0.313,0,0,0,0,0,0,1
29,김범준,한화,13.50,1,0,0,0,0,-,2/3,2,0,0,0,0,1,1,3.00,0,0,0,0,4,14,0.667,0,1,1,0,0,0,0
30,김도빈,한화,24.75,6,0,1,0,1,0.000,4,3,0,10,2,6,11,11,3.25,0,0,0,0,27,121,0.214,2,1,0,1,0,3,0
31,엄상백,한화,27.00,1,0,0,0,0,-,1/3,2,0,0,1,0,1,1,6.00,0,0,0,0,4,13,0.667,2,0,0,0,0,0,0
