순위,선수명,팀명,AVG,G,PA,AB,R,H,2B,3B,HR,TB,RBI,SAC,SF,BB,IBB,HBP,SO,GDP,SLG,OBP,OPS,MH,RISP,PH-BA
1,카스트로,KIA,0.328,88,382,357,55,117,30,0,17,198,77,0,3,18,2,4,54,8,0.555,0.364,0.919,36,0.367,0.000
2,김도영,KIA,0.314,124,543,456,108,143,27,1,41,295,104,0,4,77,10,6,91,8,0.647,0.416,1.063,37,0.374,0.000
3,박정우,KIA,0.300,99,124,100,29,30,1,2,0,35,15,3,0,17,0,4,21,0,0.350,0.421,0.771,6,0.300,0.286
4,나성범,KIA,0.300,129,532,464,72,139,26,0,30,255,91,0,7,54,2,7,144,11,0.550,0.376,0.926,39,0.339,0.000
5,박재현,KIA,0.297,121,509,472,75,140,22,6,17,225,66,8,1,28,2,0,97,4,0.477,0.335,0.812,42,0.349,0.000
6,한준수,KIA,0.283,107,364,297,37,84,23,0,7,128,38,4,3,51,3,9,55,12,0.431,0.400,0.831,23,0.304,0.462
7,김선빈,KIA,0.276,126,492,416,45,115,21,1,1,141,46,4,1,65,1,6,45,10,0.339,0.381,0.720,32,0.306,0.500
8,김호령,KIA,0.270,131,544,493,72,133,27,2,13,203,63,8,8,32,1,3,146,10,0.412,0.313,0.725,45,0.229,0.000
9,김태군,KIA,0.268,79,223,190,22,51,9,0,5,75,23,7,2,14,0,10,25,8,0.395,0.347,0.742,12,0.200,0.000
10,박상준,KIA,0.267,45,142,120,16,32,4,0,4,48,13,0,0,20,0,2,42,0,0.400,0.380,0.780,8,0.205,0.111
11,김민규,KIA,0.265,67,53,49,22,13,5,1,0,20,6,1,0,2,0,1,16,1,0.408,0.308,0.716,2,0.214,0.333
12,아데를린,KIA,0.264,32,130,121,17,32,5,0,10,67,31,0,1,7,0,1,25,4,0.554,0.308,0.862,8,0.355,0.000
13,데일,KIA,0.256,34,135,117,20,30,4,0,1,37,6,4,1,13,1,0,14,4,0.316,0.328,0.644,6,0.174,0.500
14,하주석,KIA,0.255,64,226,204,20,52,9,0,4,73,19,4,1,12,0,5,57,2,0.358,0.311,0.669,10,0.203,0.400
15,한승연,KIA,0.241,21,36,29,9,7,1,0,1,11,2,0,0,5,0,2,11,0,0.379,0.389,0.768,1,0.125,0.167
16,주효상,KIA,0.227,17,24,22,2,5,0,0,0,5,1,0,0,2,0,0,6,0,0.227,0.292,0.519,0,0.250,0.000
17,김규성,KIA,0.222,98,206,180,24,40,7,2,0,51,26,4,3,18,0,1,43,2,0.283,0.292,0.575,4,0.308,0.375
18,이호연,KIA,0.211,27,69,57,7,12,2,1,1,19,8,1,0,9,0,2,17,3,0.333,0.338,0.671,1,0.154,0.600
19,오선우,KIA,0.205,32,85,73,10,15,5,0,3,29,6,0,0,10,0,2,22,0,0.397,0.318,0.715,1,0.100,0.222
20,박민,KIA,0.200,82,194,170,19,34,6,0,3,49,20,7,0,15,0,2,32,6,0.288,0.273,0.561,7,0.300,0.000
20,변우혁,KIA,0.200,46,88,80,11,16,2,0,3,27,9,1,1,5,0,1,27,3,0.338,0.253,0.591,1,0.107,0.143
22,윤도현,KIA,0.158,34,81,76,6,12,0,0,1,15,5,1,0,3,0,1,29,1,0.197,0.200,0.397,1,0.150,0.111
23,정현창,KIA,0.152,115,91,79,15,12,2,1,0,16,7,1,1,6,0,4,35,3,0.203,0.244,0.447,2,0.088,0.000
24,고종욱,KIA,0.094,27,38,32,0,3,0,0,0,3,4,0,1,4,0,1,10,1,0.094,0.211,0.305,0,0.154,0.150
25,곽도규,KIA,-,1,0,0,0,0,0,0,0,0,0,0,0,0,0,0,0,0,-,-,-,0,0.000,0.000
25,김범수,KIA,-,1,0,0,0,0,0,0,0,0,0,0,0,0,0,0,0,0,-,-,-,0,0.000,0.000
25,성영탁,KIA,-,4,0,0,0,0,0,0,0,0,0,0,0,0,0,0,0,0,-,-,-,0,0.000,0.000
25,엄준현,KIA,-,3,0,0,1,0,0,0,0,0,0,0,0,0,0,0,0,0,-,-,-,0,0.000,0.000
25,이의리,KIA,-,4,0,0,0,0,0,0,0,0,0,0,0,0,0,0,0,0,-,-,-,0,0.000,0.000
25,이창진,KIA,0.000,3,4,4,0,0,0,0,0,0,0,0,0,0,0,0,2,1,0.000,0.000,0.000,0,0.000,0.000
25,정해영,KIA,-,2,0,0,0,0,0,0,0,0,0,0,0,0,0,0,0,0,-,-,-,0,0.000,0.000
25,조상우,KIA,-,2,0,0,0,0,0,0,0,0,0,0,0,0,0,0,0,0,-,-,-,0,0.000,0.000
25,홍민규,KIA,-,2,0,0,0,0,0,0,0,0,0,0,0,0,0,0,0,0,-,-,-,0,0.000,0.000
25,황대인,KIA,0.000,6,9,8,0,0,0,0,0,0,0,0,0,1,0,0,1,0,0.000,0.111,0.111,0,0.000,0.000
1,안인산,KT,0.500,2,2,2,0,1,0,0,0,1,0,0,0,0,0,0,1,0,0.500,0.500,1.000,0,0.000,0.500
2,최원준,KT,0.349,131,628,541,114,189,34,4,9,258,72,3,4,72,0,8,84,3,0.477,0.430,0.907,54,0.365,1.000
3,문상철,KT,0.333,3,3,3,0,1,0,0,0,1,0,0,0,0,0,0,1,0,0.333,0.333,0.666,0,0.000,0.333
4,허경민,KT,0.324,102,368,327,58,106,15,0,4,133,41,1,1,28,1,11,32,8,0.407,0.395,0.802,28,0.287,0.444
5,류현인,KT,0.312,81,211,189,28,59,13,0,1,75,21,2,3,14,0,3,39,2,0.397,0.364,0.761,16,0.314,0.333
6,장진혁,KT,0.308,61,63,52,19,16,5,1,3,32,10,0,1,9,0,1,18,0,0.615,0.413,1.028,1,0.100,0.333
7,힐리어드,KT,0.305,133,595,525,107,160,21,3,39,304,124,0,9,59,1,2,167,4,0.579,0.371,0.950,48,0.306,0.000
8,안현민,KT,0.302,85,379,295,52,89,20,2,13,152,58,0,2,61,1,21,83,9,0.515,0.451,0.966,23,0.366,1.000
9,이정훈,KT,0.301,78,89,73,5,22,0,0,1,25,16,0,0,15,0,1,11,0,0.342,0.427,0.769,2,0.407,0.333
10,김민혁,KT,0.295,108,398,356,49,105,11,2,1,123,40,7,2,28,0,5,65,8,0.346,0.353,0.699,26,0.324,0.294
11,조대현,KT,0.292,51,56,48,6,14,1,0,1,18,2,2,0,6,0,0,10,1,0.375,0.370,0.745,3,0.176,0.000
12,오윤석,KT,0.290,105,204,183,28,53,12,0,1,68,26,2,2,16,1,1,45,7,0.372,0.347,0.719,11,0.404,0.353
13,유준규,KT,0.288,49,64,52,16,15,1,2,0,20,11,5,0,7,0,0,16,0,0.385,0.373,0.758,3,0.412,0.364
14,이재원,KT,0.286,8,7,7,2,2,0,1,1,7,2,0,0,0,0,0,1,0,1.000,0.286,1.286,0,0.000,0.500
15,김현수,KT,0.283,134,591,527,64,149,30,0,12,215,88,0,4,55,1,5,67,16,0.408,0.354,0.762,44,0.329,1.000
16,김상수,KT,0.276,125,467,388,45,107,12,1,1,124,39,15,2,53,0,9,59,11,0.320,0.374,0.694,27,0.272,0.429
17,권동진,KT,0.261,118,243,211,43,55,14,2,2,79,32,4,1,25,0,2,72,2,0.374,0.343,0.717,9,0.338,0.167
18,강민성,KT,0.250,9,4,4,0,1,0,0,0,1,1,0,0,0,0,0,0,0,0.250,0.250,0.500,0,0.333,0.000
19,한승택,KT,0.229,120,342,293,38,67,11,0,3,87,35,16,4,27,0,2,80,6,0.297,0.294,0.591,11,0.242,0.400
20,장준원,KT,0.202,92,148,124,14,25,5,0,5,45,21,7,0,16,0,1,37,5,0.363,0.298,0.661,4,0.239,0.000
21,이정범,KT,0.200,9,22,20,1,4,1,0,0,5,3,0,1,1,0,0,4,0,0.250,0.227,0.477,0,0.250,0.000
22,장성우,KT,0.195,69,248,200,35,39,11,0,11,83,40,0,1,45,3,2,62,8,0.415,0.347,0.762,10,0.254,0.167
23,배정대,KT,0.194,91,118,108,22,21,7,1,0,30,11,1,0,6,0,3,35,2,0.278,0.256,0.534,5,0.212,0.125
24,이강민,KT,0.185,56,163,151,13,28,1,0,0,29,15,2,1,8,0,1,42,4,0.192,0.230,0.422,7,0.273,0.000
25,강현우,KT,0.174,27,27,23,1,4,0,0,0,4,1,0,0,4,0,0,7,1,0.174,0.296,0.470,0,0.143,0.500
26,손민석,KT,0.083,11,12,12,1,1,0,0,0,1,1,0,0,0,0,0,3,0,0.083,0.083,0.166,0,0.333,0.000
27,김민석,KT,0.000,2,3,2,0,0,0,0,0,0,0,0,0,1,0,0,0,0,0.000,0.333,0.333,0,0.000,0.000
27,김민수,KT,-,1,0,0,0,0,0,0,0,0,0,0,0,0,0,0,0,0,-,-,-,0,0.000,0.000
27,김정운,KT,-,2,0,0,0,0,0,0,0,0,0,0,0,0,0,0,0,0,-,-,-,0,0.000,0.000
27,문용익,KT,-,1,0,0,0,0,0,0,0,0,0,0,0,0,0,0,0,0,-,-,-,0,0.000,0.000
27,박영현,KT,-,8,0,0,0,0,0,0,0,0,0,0,0,0,0,0,0,0,-,-,-,0,0.000,0.000
27,안치영,KT,0.000,23,6,5,3,0,0,0,0,0,1,0,0,1,0,0,4,0,0.000,0.167,0.167,0,0.000,0.000
27,오서진,KT,0.000,3,1,1,0,0,0,0,0,0,0,0,0,0,0,0,0,1,0.000,0.000,0.000,0,0.000,0.000
27,우규민,KT,-,3,0,0,0,0,0,0,0,0,0,0,0,0,0,0,0,0,-,-,-,0,0.000,0.000
27,이정현,KT,-,1,0,0,0,0,0,0,0,0,0,0,0,0,0,0,0,0,-,-,-,0,0.000,0.000
27,전용주,KT,-,1,0,0,0,0,0,0,0,0,0,0,0,0,0,0,0,0,-,-,-,0,0.000,0.000
27,정준영,KT,-,1,0,0,0,0,0,0,0,0,0,0,0,0,0,0,0,0,-,-,-,0,0.000,0.000
27,주권,KT,-,3,0,0,0,0,0,0,0,0,0,0,0,0,0,0,0,0,-,-,-,0,0.000,0.000
27,황재균,KT,0.000,1,1,1,0,0,0,0,0,0,0,0,0,0,0,0,1,0,0.000,0.000,0.000,0,0.000,0.000
1,오스틴,LG,0.341,134,595,504,107,172,33,4,39,330,122,0,4,75,8,12,85,8,0.655,0.435,1.090,43,0.400,0.000
2,박해민,LG,0.294,134,545,456,75,134,19,2,5,172,56,18,9,50,0,12,62,6,0.377,0.372,0.749,33,0.287,0.000
3,문성주,LG,0.289,72,240,211,17,61,9,0,1,73,21,3,2,21,2,3,29,4,0.346,0.359,0.705,15,0.232,0.182
4,천성호,LG,0.284,94,250,229,39,65,14,2,2,89,31,2,0,14,1,5,40,7,0.389,0.339,0.728,19,0.225,0.346
5,구본혁,LG,0.282,125,355,308,37,87,13,0,0,100,26,15,1,29,0,2,44,8,0.325,0.347,0.672,23,0.276,0.400
6,송찬의,LG,0.280,110,399,347,63,97,29,2,15,175,67,1,0,30,0,21,93,10,0.504,0.372,0.876,24,0.276,0.444
7,문정빈,LG,0.257,81,288,253,35,65,10,4,17,134,59,0,3,28,2,4,89,2,0.530,0.337,0.867,13,0.263,0.375
8,신민재,LG,0.253,130,442,384,53,97,5,2,0,106,26,8,2,45,0,3,58,8,0.276,0.334,0.610,23,0.276,0.000
9,문보경,LG,0.252,98,387,322,41,81,13,0,9,121,56,0,7,57,4,1,75,8,0.376,0.359,0.735,20,0.308,0.167
10,오지환,LG,0.247,121,433,377,51,93,16,1,13,150,58,7,3,40,0,6,89,6,0.398,0.326,0.724,21,0.263,0.000
11,홍창기,LG,0.246,121,501,403,69,99,15,2,0,118,33,3,5,74,0,16,106,12,0.293,0.380,0.673,23,0.301,0.000
12,이재원,LG,0.232,51,111,99,11,23,7,0,6,48,20,0,1,7,0,4,40,0,0.485,0.306,0.791,3,0.200,0.333
13,박동원,LG,0.228,120,393,325,46,74,15,0,12,125,53,10,4,50,3,4,88,13,0.385,0.334,0.719,13,0.207,0.000
14,손용준,LG,0.222,10,12,9,0,2,1,0,0,3,1,0,0,2,0,1,2,0,0.333,0.417,0.750,1,0.333,0.250
15,이영빈,LG,0.209,66,93,86,10,18,2,0,1,23,9,1,1,5,0,0,25,0,0.267,0.250,0.517,2,0.235,0.000
16,이주헌,LG,0.207,71,143,135,12,28,6,0,4,46,17,1,1,3,0,3,49,2,0.341,0.239,0.580,5,0.306,0.000
17,김현종,LG,0.143,23,14,14,3,2,0,0,0,2,0,0,0,0,0,0,5,0,0.143,0.143,0.286,0,0.000,0.000
18,최원영,LG,0.091,55,23,22,11,2,1,0,0,3,1,1,0,0,0,0,4,1,0.136,0.091,0.227,0,0.167,0.000
19,강민균,LG,0.000,7,7,7,1,0,0,0,0,0,0,0,0,0,0,0,3,0,0.000,0.000,0.000,0,0.000,0.000
19,김민수,LG,0.000,3,3,3,1,0,0,0,0,0,0,0,0,0,0,0,0,0,0.000,0.000,0.000,0,0.000,0.000
19,김성진,LG,0.000,4,6,5,0,0,0,0,0,0,0,0,0,1,0,0,3,0,0.000,0.167,0.167,0,0.000,0.000
19,김영우,LG,-,2,0,0,0,0,0,0,0,0,0,0,0,0,0,0,0,0,-,-,-,0,0.000,0.000
19,김주성,LG,0.000,1,2,2,0,0,0,0,0,0,0,0,0,0,0,0,0,0,0.000,0.000,0.000,0,0.000,0.000
19,박시원,LG,0.000,2,1,1,0,0,0,0,0,0,0,0,0,0,0,0,1,0,0.000,0.000,0.000,0,0.000,0.000
19,손주영,LG,-,2,0,0,0,0,0,0,0,0,0,0,0,0,0,0,0,0,-,-,-,0,0.000,0.000
19,양우진,LG,-,1,0,0,0,0,0,0,0,0,0,0,0,0,0,0,0,0,-,-,-,0,0.000,0.000
19,우강훈,LG,-,1,0,0,0,0,0,0,0,0,0,0,0,0,0,0,0,0,-,-,-,0,0.000,0.000
19,이정용,LG,-,1,0,0,0,0,0,0,0,0,0,0,0,0,0,0,0,0,-,-,-,0,0.000,0.000
19,장현식,LG,-,1,0,0,0,0,0,0,0,0,0,0,0,0,0,0,0,0,-,-,-,0,0.000,0.000
19,조원태,LG,-,1,0,0,0,0,0,0,0,0,0,0,0,0,0,0,0,0,-,-,-,0,0.000,0.000
19,함창건,LG,0.000,1,3,3,0,0,0,0,0,0,0,0,0,0,0,0,2,0,0.000,0.000,0.000,0,0.000,0.000
1,이희성,NC,0.333,5,4,3,0,1,0,0,0,1,0,0,0,0,0,1,1,0,0.333,0.500,0.833,0,0.000,1.000
2,박민우,NC,0.322,130,531,457,79,147,26,3,7,200,71,1,4,61,2,8,67,11,0.438,0.408,0.846,40,0.400,0.333
3,천재환,NC,0.306,102,305,268,52,82,15,2,7,122,32,10,3,18,0,6,54,1,0.455,0.359,0.814,26,0.259,0.500
4,박건우,NC,0.302,126,497,431,56,130,19,1,20,211,78,1,10,53,5,2,79,10,0.490,0.373,0.863,36,0.276,0.000
5,이우성,NC,0.292,116,420,390,37,114,19,0,6,151,48,1,2,24,1,3,62,13,0.387,0.337,0.724,32,0.270,0.333
6,김주원,NC,0.286,122,552,482,83,138,21,0,18,213,59,1,3,49,2,17,71,5,0.442,0.370,0.812,39,0.317,0.000
7,오장한,NC,0.273,25,55,55,4,15,3,0,1,21,5,0,0,0,0,0,19,0,0.382,0.273,0.655,4,0.231,0.250
8,김휘집,NC,0.271,81,315,266,39,72,17,1,12,127,56,2,2,33,0,12,60,4,0.477,0.374,0.851,19,0.357,0.000
9,안중열,NC,0.270,80,163,137,20,37,8,0,3,54,19,2,3,17,0,4,35,6,0.394,0.360,0.754,7,0.188,0.250
10,한석현,NC,0.270,59,141,126,15,34,3,0,2,43,17,5,1,7,0,2,28,2,0.341,0.316,0.657,7,0.270,0.167
11,최정원,NC,0.265,113,248,215,40,57,5,0,0,62,9,9,0,16,0,8,47,2,0.288,0.339,0.627,15,0.174,0.100
12,블레인,NC,0.250,58,234,208,28,52,8,0,10,90,44,0,3,22,0,1,55,6,0.433,0.321,0.754,11,0.265,0.000
12,윤준혁,NC,0.250,10,17,16,2,4,2,0,1,9,2,0,0,1,0,0,7,0,0.563,0.294,0.857,0,0.500,0.000
12,홍종표,NC,0.250,24,22,20,6,5,0,0,0,5,0,0,0,2,0,0,5,0,0.250,0.318,0.568,1,0.000,0.500
15,김형준,NC,0.248,122,383,339,42,84,15,1,15,146,58,3,3,32,1,6,124,10,0.431,0.321,0.752,21,0.266,0.167
16,오태양,NC,0.242,39,40,33,8,8,1,0,0,9,3,1,1,5,0,0,9,0,0.273,0.333,0.606,1,0.100,0.333
17,권희동,NC,0.236,94,288,237,40,56,9,0,5,80,34,3,4,41,0,3,45,4,0.338,0.351,0.689,13,0.268,0.278
18,박시원,NC,0.221,61,128,113,19,25,5,0,2,36,11,3,2,10,0,0,30,0,0.319,0.280,0.599,5,0.200,0.111
19,고준휘,NC,0.220,28,55,50,5,11,1,0,2,18,8,0,0,3,0,2,12,1,0.360,0.291,0.651,2,0.111,0.222
20,오영수,NC,0.217,26,54,46,5,10,0,0,2,16,3,0,0,6,0,2,15,2,0.348,0.333,0.681,2,0.071,0.091
21,김한별,NC,0.215,89,147,121,23,26,7,0,0,33,7,3,0,15,0,8,30,5,0.273,0.340,0.613,3,0.194,0.000
22,서호철,NC,0.206,61,159,136,20,28,4,0,2,38,14,5,0,17,0,1,35,4,0.279,0.299,0.578,7,0.200,0.375
23,허윤,NC,0.200,18,6,5,5,1,0,0,0,1,1,0,0,1,0,0,3,0,0.200,0.333,0.533,0,0.500,0.000
24,신재인,NC,0.181,61,134,116,12,21,5,0,3,35,9,0,0,18,0,0,29,2,0.302,0.291,0.593,3,0.148,0.188
25,한재환,NC,0.167,17,35,30,6,5,1,0,1,9,3,0,0,4,0,1,8,2,0.300,0.286,0.586,1,0.200,0.125
26,도태훈,NC,0.162,74,90,74,7,12,4,0,0,16,10,0,0,10,0,6,20,2,0.216,0.311,0.527,1,0.227,0.167
27,김정호,NC,0.125,9,8,8,0,1,0,0,0,1,0,0,0,0,0,0,4,0,0.125,0.125,0.250,0,0.000,0.000
28,김건,NC,0.000,4,2,2,1,0,0,0,0,0,0,0,0,0,0,0,1,0,0.000,0.000,0.000,0,0.000,0.000
28,김준원,NC,-,2,0,0,0,0,0,0,0,0,0,0,0,0,0,0,0,0,-,-,-,0,0.000,0.000
28,신성호,NC,0.000,1,1,1,0,0,0,0,0,0,0,0,0,0,0,0,0,0,0.000,0.000,0.000,0,0.000,0.000
28,이준혁,NC,-,1,0,0,0,0,0,0,0,0,0,0,0,0,0,0,0,0,-,-,-,0,0.000,0.000
1,석정우,SSG,0.500,3,3,2,0,1,0,0,0,1,1,0,0,1,0,0,1,0,0.500,0.667,1.167,0,0.500,0.000
2,박성한,SSG,0.330,135,586,497,91,164,29,2,4,209,67,0,3,84,2,2,78,2,0.421,0.427,0.848,45,0.407,0.500
3,최정,SSG,0.306,71,305,255,45,78,17,1,20,157,57,0,7,37,5,6,66,7,0.616,0.397,1.013,17,0.268,0.000
4,에레디아,SSG,0.283,106,461,420,53,119,23,1,18,198,91,0,5,25,2,11,76,10,0.471,0.336,0.807,33,0.336,0.000
5,고명준,SSG,0.279,48,195,179,20,50,8,0,11,91,26,0,2,14,0,0,40,5,0.508,0.328,0.836,15,0.214,0.000
6,정준재,SSG,0.271,125,532,457,66,124,13,7,1,154,38,13,6,51,0,5,77,4,0.337,0.347,0.684,33,0.317,0.500
7,이지영,SSG,0.270,61,139,126,17,34,5,0,1,42,8,3,1,9,0,0,16,6,0.333,0.316,0.649,6,0.208,0.250
8,김성욱,SSG,0.261,63,142,119,20,31,4,0,4,47,13,1,1,18,0,3,27,1,0.395,0.369,0.764,7,0.250,0.167
9,조형우,SSG,0.257,98,345,307,42,79,20,0,8,123,37,6,4,25,0,3,61,5,0.401,0.316,0.717,19,0.227,0.000
10,전의산,SSG,0.256,77,295,266,27,68,15,0,12,119,48,0,2,26,0,1,97,4,0.447,0.322,0.769,18,0.309,0.500
11,오태곤,SSG,0.252,99,261,238,34,60,10,0,9,97,34,0,2,19,1,2,72,8,0.408,0.310,0.718,11,0.297,0.235
12,최지훈,SSG,0.244,132,542,488,73,119,23,7,13,195,58,2,7,41,0,4,85,8,0.400,0.304,0.704,28,0.232,0.000
13,홍대인,SSG,0.239,79,80,67,18,16,7,0,0,23,9,3,0,9,0,1,18,0,0.343,0.338,0.681,2,0.182,0.429
14,최준우,SSG,0.238,26,51,42,10,10,2,0,1,15,2,0,0,8,0,1,10,0,0.357,0.373,0.730,2,0.100,0.286
15,안상현,SSG,0.231,85,232,199,33,46,8,0,3,63,19,8,0,22,0,3,62,6,0.317,0.317,0.634,9,0.259,0.250
16,채현우,SSG,0.226,73,68,62,19,14,3,0,1,20,7,2,2,2,0,0,22,0,0.323,0.242,0.565,1,0.353,0.500
17,김재환,SSG,0.225,123,497,422,51,95,9,1,23,175,69,0,2,69,0,4,144,6,0.415,0.338,0.753,21,0.254,0.200
18,임근우,SSG,0.221,38,85,77,7,17,3,1,1,25,12,3,0,2,0,3,23,4,0.325,0.268,0.593,3,0.318,0.333
19,한유섬,SSG,0.204,66,193,162,12,33,2,0,2,41,14,1,2,25,1,3,44,9,0.253,0.318,0.571,4,0.163,0.333
20,최윤석,SSG,0.200,6,12,10,1,2,1,0,0,3,0,0,0,1,0,1,2,2,0.300,0.333,0.633,0,0.000,0.000
21,김정민,SSG,0.190,29,23,21,4,4,0,0,0,4,1,0,0,2,0,0,5,0,0.190,0.261,0.451,1,0.333,0.000
22,신범수,SSG,0.182,17,24,22,2,4,1,0,1,8,2,0,0,2,0,0,9,1,0.364,0.250,0.614,0,0.250,0.250
22,오시후,SSG,0.182,6,13,11,2,2,0,0,0,2,0,0,0,1,0,1,5,0,0.182,0.308,0.490,0,0.000,1.000
24,마드리스,SSG,0.175,17,72,63,10,11,1,0,4,24,9,0,0,9,0,0,22,1,0.381,0.278,0.659,2,0.133,0.000
25,류효승,SSG,0.160,9,26,25,1,4,0,0,1,7,1,0,0,1,0,0,4,0,0.280,0.192,0.472,0,0.000,0.000
25,안재연,SSG,0.160,13,26,25,4,4,0,1,0,6,3,0,0,1,0,0,10,0,0.240,0.192,0.432,0,0.167,0.000
27,김민식,SSG,0.143,14,28,28,0,4,0,0,0,4,0,0,0,0,0,0,5,0,0.143,0.143,0.286,0,0.000,0.667
28,김민준,SSG,0.100,17,11,10,2,1,0,0,0,1,0,0,0,1,0,0,3,0,0.100,0.182,0.282,0,0.000,0.000
29,김성현,SSG,0.000,1,1,1,0,0,0,0,0,0,0,0,0,0,0,0,1,0,0.000,0.000,0.000,0,0.000,0.000
29,김요셉,SSG,0.000,5,11,11,0,0,0,0,0,0,0,0,0,0,0,0,5,0,0.000,0.000,0.000,0,0.000,0.000
29,김창평,SSG,0.000,6,5,5,0,0,0,0,0,0,0,0,0,0,0,0,1,0,0.000,0.000,0.000,0,0.000,0.000
29,노경은,SSG,-,1,0,0,0,0,0,0,0,0,0,0,0,0,0,0,0,0,-,-,-,0,0.000,0.000
29,박시후,SSG,-,1,0,0,0,0,0,0,0,0,0,0,0,0,0,0,0,0,-,-,-,0,0.000,0.000
29,변건우,SSG,-,1,0,0,0,0,0,0,0,0,0,0,0,0,0,0,0,0,-,-,-,0,0.000,0.000
29,이건욱,SSG,-,1,0,0,0,0,0,0,0,0,0,0,0,0,0,0,0,0,-,-,-,0,0.000,0.000
29,이기순,SSG,-,1,0,0,0,0,0,0,0,0,0,0,0,0,0,0,0,0,-,-,-,0,0.000,0.000
29,이로운,SSG,-,2,0,0,0,0,0,0,0,0,0,0,0,0,0,0,0,0,-,-,-,0,0.000,0.000
29,전영준,SSG,-,1,0,0,0,0,0,0,0,0,0,0,0,0,0,0,0,0,-,-,-,0,0.000,0.000
29,조병현,SSG,-,2,0,0,0,0,0,0,0,0,0,0,0,0,0,0,0,0,-,-,-,0,0.000,0.000
1,전다민,두산,1.000,15,2,2,4,2,0,0,0,2,1,0,0,0,0,0,0,0,1.000,1.000,2.000,0,1.000,0.000
2,류현준,두산,0.400,3,5,5,1,2,0,0,0,2,0,0,0,0,0,0,0,0,0.400,0.400,0.800,0,0.000,0.000
3,조수행,두산,0.316,111,205,171,26,54,6,3,0,66,20,10,0,22,0,2,28,3,0.386,0.400,0.786,15,0.364,0.250
4,김민석,두산,0.310,127,485,426,57,132,21,3,5,174,50,2,1,51,0,5,81,3,0.408,0.389,0.797,35,0.378,0.333
5,박준순,두산,0.298,94,397,362,51,108,15,5,16,181,59,0,2,25,1,8,80,17,0.500,0.355,0.855,36,0.337,0.000
6,카메론,두산,0.287,75,314,279,39,80,19,3,9,132,43,0,2,30,0,3,53,9,0.473,0.360,0.833,23,0.244,0.500
7,박찬호,두산,0.280,135,575,507,81,142,25,2,5,186,52,8,5,53,1,2,74,12,0.367,0.347,0.714,39,0.287,0.500
8,안재석,두산,0.274,102,414,379,46,104,27,2,10,165,62,3,3,25,1,4,69,5,0.435,0.324,0.759,30,0.307,0.000
9,세베리노,두산,0.272,38,142,125,16,34,8,1,5,59,26,0,1,16,0,0,34,1,0.472,0.352,0.824,10,0.353,0.667
10,박지훈,두산,0.269,110,284,242,40,65,8,3,2,85,25,12,0,26,0,4,46,4,0.351,0.349,0.700,14,0.290,0.222
11,강승호,두산,0.262,99,255,221,39,58,8,0,8,90,34,2,5,18,0,9,64,6,0.407,0.336,0.743,14,0.203,0.500
12,양의지,두산,0.254,128,509,426,51,108,17,0,21,188,74,0,9,55,2,19,56,15,0.441,0.358,0.799,26,0.241,0.333
13,정수빈,두산,0.252,134,505,440,60,111,14,4,7,154,48,9,2,49,1,5,72,5,0.350,0.333,0.683,26,0.310,0.500
14,오명진,두산,0.245,73,159,139,17,34,8,2,3,55,16,1,2,17,1,0,33,3,0.396,0.323,0.719,10,0.226,0.217
15,김기연,두산,0.241,42,65,58,9,14,1,0,0,15,8,2,1,3,0,1,13,3,0.259,0.286,0.545,4,0.333,0.167
16,류승민,두산,0.239,40,102,88,11,21,3,1,0,26,3,2,0,10,0,2,18,1,0.295,0.330,0.625,6,0.143,0.000
17,손아섭,두산,0.235,51,172,153,16,36,4,0,1,43,15,0,3,16,0,0,32,2,0.281,0.302,0.583,8,0.262,0.167
18,김대한,두산,0.219,43,130,114,16,25,2,0,3,36,11,2,2,9,0,3,27,1,0.316,0.289,0.605,6,0.161,0.000
19,윤준호,두산,0.215,105,187,163,18,35,5,0,4,52,14,7,3,11,0,3,46,6,0.319,0.272,0.591,8,0.267,1.000
20,김인태,두산,0.213,45,55,47,4,10,3,0,1,16,4,0,0,5,0,3,20,1,0.340,0.327,0.667,0,0.118,0.219
21,이유찬,두산,0.203,99,133,118,21,24,2,1,1,31,16,1,3,8,0,3,38,0,0.263,0.265,0.528,3,0.146,0.000
22,양석환,두산,0.199,46,158,141,12,28,5,0,5,48,15,1,5,11,1,0,47,3,0.340,0.248,0.588,6,0.091,0.333
23,임종성,두산,0.182,17,22,22,2,4,1,0,1,8,5,0,0,0,0,0,7,1,0.364,0.182,0.546,0,0.375,0.500
24,홍성호,두산,0.133,6,15,15,1,2,0,0,0,2,0,0,0,0,0,0,7,1,0.133,0.133,0.266,0,0.000,0.000
25,김동주,두산,-,1,0,0,0,0,0,0,0,0,0,0,0,0,0,0,0,0,-,-,-,0,0.000,0.000
25,김정우,두산,-,1,0,0,0,0,0,0,0,0,0,0,0,0,0,0,0,0,-,-,-,0,0.000,0.000
25,박성재,두산,0.000,4,5,5,0,0,0,0,0,0,0,0,0,0,0,0,2,0,0.000,0.000,0.000,0,0.000,0.000
25,박신지,두산,-,1,0,0,0,0,0,0,0,0,0,0,0,0,0,0,0,0,-,-,-,0,0.000,0.000
25,박정수,두산,-,1,0,0,0,0,0,0,0,0,0,0,0,0,0,0,0,0,-,-,-,0,0.000,0.000
25,양재훈,두산,-,1,0,0,0,0,0,0,0,0,0,0,0,0,0,0,0,0,-,-,-,0,0.000,0.000
25,윤태호,두산,-,1,0,0,0,0,0,0,0,0,0,0,0,0,0,0,0,0,-,-,-,0,0.000,0.000
25,이병헌,두산,-,1,0,0,0,0,0,0,0,0,0,0,0,0,0,0,0,0,-,-,-,0,0.000,0.000
25,이영하,두산,-,2,0,0,0,0,0,0,0,0,0,0,0,0,0,0,0,0,-,-,-,0,0.000,0.000
25,이용찬,두산,-,1,0,0,0,0,0,0,0,0,0,0,0,0,0,0,0,0,-,-,-,0,0.000,0.000
25,최주형,두산,-,1,0,0,0,0,0,0,0,0,0,0,0,0,0,0,0,0,-,-,-,0,0.000,0.000
25,최지강,두산,-,1,0,0,0,0,0,0,0,0,0,0,0,0,0,0,0,0,-,-,-,0,0.000,0.000
25,타카다,두산,-,1,0,0,0,0,0,0,0,0,0,0,0,0,0,0,0,0,-,-,-,0,0.000,0.000
1,박재엽,롯데,0.364,17,12,11,2,4,2,0,0,6,4,0,0,1,0,0,5,0,0.545,0.417,0.962,0,0.600,1.000
2,레이예스,롯데,0.356,134,590,539,77,192,36,2,16,280,101,0,3,46,7,2,62,12,0.519,0.407,0.926,55,0.421,0.000
3,정대선,롯데,0.333,15,9,9,2,3,0,0,0,3,0,0,0,0,0,0,2,0,0.333,0.333,0.666,0,0.500,0.000
4,한동희,롯데,0.304,99,419,375,52,114,17,1,23,202,73,0,4,32,4,8,72,19,0.539,0.368,0.907,32,0.290,0.000
5,박찬형,롯데,0.290,14,34,31,6,9,0,0,1,12,2,0,0,2,0,1,13,0,0.387,0.353,0.740,2,0.182,0.333
6,황성빈,롯데,0.288,113,472,430,70,124,12,11,0,158,35,5,2,29,0,6,64,2,0.367,0.340,0.707,39,0.325,0.333
7,조세진,롯데,0.286,14,45,42,2,12,2,1,1,19,4,0,0,3,0,0,12,1,0.452,0.333,0.785,4,0.429,1.000
8,나승엽,롯데,0.283,95,392,339,50,96,19,2,7,140,54,0,4,49,0,0,58,8,0.413,0.370,0.783,28,0.376,1.000
9,고승민,롯데,0.282,102,451,408,66,115,23,3,16,192,69,2,4,36,1,1,86,0,0.471,0.339,0.810,37,0.318,0.000
10,전민재,롯데,0.277,131,486,440,47,122,21,0,8,167,66,5,5,32,0,4,94,9,0.380,0.328,0.708,35,0.303,0.500
11,장두성,롯데,0.276,93,241,221,34,61,6,2,0,71,22,5,1,11,0,3,47,0,0.321,0.318,0.639,17,0.317,0.143
12,박건우,롯데,0.275,32,42,40,2,11,2,0,0,13,2,0,0,1,0,1,19,1,0.325,0.310,0.635,2,0.143,0.500
13,손성빈,롯데,0.269,119,347,305,39,82,20,1,7,125,38,8,2,26,0,6,59,4,0.410,0.336,0.746,18,0.226,0.000
14,한태양,롯데,0.240,72,207,179,35,43,8,1,1,56,8,2,0,25,0,1,48,4,0.313,0.337,0.650,8,0.130,0.000
15,윤동희,롯데,0.238,76,287,252,25,60,13,0,5,88,24,0,0,31,2,4,73,4,0.349,0.331,0.680,13,0.300,0.000
16,박승욱,롯데,0.235,99,149,136,18,32,7,0,1,42,20,3,0,9,0,1,43,4,0.309,0.288,0.597,6,0.341,0.571
17,전준우,롯데,0.231,66,238,221,13,51,8,0,3,68,16,1,2,14,0,0,34,6,0.308,0.274,0.582,10,0.185,0.500
18,유강남,롯데,0.225,56,126,120,8,27,5,0,3,41,9,0,1,4,0,1,31,1,0.342,0.254,0.596,5,0.133,0.050
19,김동혁,롯데,0.219,60,39,32,20,7,0,0,0,7,1,1,0,6,0,0,9,0,0.219,0.342,0.561,0,0.167,0.000
20,노진혁,롯데,0.216,86,223,194,15,42,11,0,5,68,27,1,5,21,0,2,46,4,0.351,0.293,0.644,9,0.231,0.226
21,손호영,롯데,0.212,68,183,165,19,35,10,0,4,57,17,0,2,13,0,3,39,3,0.345,0.279,0.624,7,0.146,0.143
22,신윤후,롯데,0.211,26,20,19,7,4,2,0,0,6,0,0,0,1,0,0,8,1,0.316,0.250,0.566,1,0.000,0.000
23,김세민,롯데,0.205,65,51,44,15,9,3,0,1,15,2,2,0,5,0,0,14,1,0.341,0.286,0.627,0,0.000,0.333
24,정보근,롯데,0.200,8,5,5,0,1,0,0,0,1,0,0,0,0,0,0,3,0,0.200,0.200,0.400,0,0.000,0.000
25,김동현,롯데,0.195,18,46,41,6,8,1,1,2,17,6,0,0,4,0,1,10,1,0.415,0.283,0.698,3,0.375,0.200
26,최항,롯데,0.182,4,13,11,1,2,0,0,0,2,0,0,0,1,0,1,4,0,0.182,0.308,0.490,1,0.000,0.000
27,김민성,롯데,0.138,17,34,29,3,4,1,0,1,8,4,0,0,5,0,0,7,1,0.276,0.265,0.541,1,0.000,0.000
28,이호준,롯데,0.125,55,47,40,6,5,1,1,0,8,3,0,0,7,0,0,12,0,0.200,0.255,0.455,0,0.133,0.000
28,조민영,롯데,0.125,5,8,8,0,1,0,0,0,1,0,0,0,0,0,0,3,0,0.125,0.125,0.250,0,0.000,0.000
30,김강현,롯데,-,1,0,0,0,0,0,0,0,0,0,0,0,0,0,0,0,0,-,-,-,0,0.000,0.000
30,김원중,롯데,-,3,0,0,0,0,0,0,0,0,0,0,0,0,0,0,0,0,-,-,-,0,0.000,0.000
30,김한홀,롯데,0.000,7,1,1,1,0,0,0,0,0,0,0,0,0,0,0,1,0,0.000,0.000,0.000,0,0.000,0.000
30,로드리게스,롯데,-,1,0,0,0,0,0,0,0,0,0,0,0,0,0,0,0,0,-,-,-,0,0.000,0.000
30,윤성빈,롯데,-,1,0,0,0,0,0,0,0,0,0,0,0,0,0,0,0,0,-,-,-,0,0.000,0.000
30,이서준,롯데,0.000,4,3,3,0,0,0,0,0,0,0,0,0,0,0,0,1,0,0.000,0.000,0.000,0,0.000,0.000
30,이승헌,롯데,-,1,0,0,0,0,0,0,0,0,0,0,0,0,0,0,0,0,-,-,-,0,0.000,0.000
30,이이무라,롯데,-,1,0,0,0,0,0,0,0,0,0,0,0,0,0,0,0,0,-,-,-,0,0.000,0.000
30,최준용,롯데,-,4,0,0,0,0,0,0,0,0,0,0,0,0,0,0,0,0,-,-,-,0,0.000,0.000
30,현도훈,롯데,-,1,0,0,0,0,0,0,0,0,0,0,0,0,0,0,0,0,-,-,-,0,0.000,0.000
1,이진용,삼성,0.500,7,2,2,0,1,0,0,0,1,1,0,0,0,0,0,0,0,0.500,0.500,1.000,0,0.500,1.000
2,구자욱,삼성,0.370,113,496,419,88,155,30,6,15,242,102,1,5,66,3,5,71,4,0.578,0.457,1.035,46,0.414,0.500
3,이창용,삼성,0.357,13,14,14,1,5,3,0,0,8,4,0,0,0,0,0,5,0,0.571,0.357,0.928,0,1.000,0.455
4,김지찬,삼성,0.321,124,497,418,95,134,10,5,0,154,38,11,4,59,1,5,38,3,0.368,0.407,0.775,38,0.366,0.385
5,최형우,삼성,0.310,127,544,464,59,144,24,0,17,219,102,0,9,66,4,5,101,18,0.472,0.395,0.867,35,0.346,0.333
6,김성윤,삼성,0.306,115,454,389,74,119,20,2,4,155,47,12,3,48,0,2,45,9,0.398,0.382,0.780,38,0.352,0.533
7,디아즈,삼성,0.300,134,594,513,84,154,31,0,25,260,120,0,9,70,5,2,95,12,0.507,0.380,0.887,42,0.347,0.000
8,김재상,삼성,0.286,8,16,14,1,4,0,0,0,4,1,1,0,1,0,0,4,0,0.286,0.333,0.619,1,0.286,0.000
9,류지혁,삼성,0.283,130,508,434,62,123,18,6,5,168,60,7,3,54,1,10,74,11,0.387,0.373,0.760,36,0.348,0.333
10,김헌곤,삼성,0.278,75,97,90,10,25,3,1,0,30,7,0,1,6,0,0,16,2,0.333,0.320,0.653,6,0.190,0.227
11,강민호,삼성,0.274,102,321,281,37,77,15,0,13,131,58,0,1,33,0,6,69,7,0.466,0.361,0.827,18,0.326,0.222
12,박승규,삼성,0.269,97,355,294,66,79,11,6,12,138,46,0,3,53,1,5,54,9,0.469,0.386,0.855,17,0.220,0.158
13,심재훈,삼성,0.245,41,53,49,5,12,2,0,0,14,1,0,0,4,0,0,14,0,0.286,0.302,0.588,1,0.125,0.000
14,김도환,삼성,0.240,58,119,100,11,24,4,0,3,37,11,3,2,11,0,3,30,2,0.370,0.328,0.698,3,0.222,1.000
15,전병우,삼성,0.238,111,391,324,50,77,19,1,11,131,52,3,3,42,1,19,99,8,0.404,0.356,0.760,18,0.234,0.400
16,김현준,삼성,0.227,33,55,44,8,10,3,0,0,13,10,0,1,6,0,4,12,0,0.295,0.364,0.659,1,0.333,0.316
17,이재현,삼성,0.224,75,272,223,43,50,7,0,15,102,39,7,3,28,0,11,40,1,0.457,0.336,0.793,11,0.258,0.250
18,김상준,삼성,0.211,53,82,71,14,15,3,0,0,18,2,3,0,5,0,3,17,0,0.254,0.291,0.545,3,0.059,0.500
19,김영웅,삼성,0.175,47,171,160,12,28,4,0,4,44,16,0,2,9,0,0,49,3,0.275,0.216,0.491,7,0.167,0.667
20,박계범,삼성,0.174,45,50,46,9,8,0,0,2,14,3,1,0,3,0,0,20,2,0.304,0.224,0.528,2,0.059,0.000
21,양우현,삼성,0.173,79,117,98,21,17,4,0,1,24,11,1,4,12,0,2,29,0,0.245,0.267,0.512,3,0.138,0.429
22,김재혁,삼성,0.167,10,6,6,1,1,0,0,0,1,0,0,0,0,0,0,2,0,0.167,0.167,0.334,0,0.000,0.000
23,박세혁,삼성,0.151,39,57,53,6,8,1,0,0,9,1,0,0,4,0,0,12,2,0.170,0.211,0.381,0,0.056,0.000
24,김태훈,삼성,0.136,13,24,22,3,3,1,0,1,7,3,0,0,2,0,0,7,1,0.318,0.208,0.526,1,0.000,0.000
25,홍현빈,삼성,0.125,9,8,8,1,1,0,0,0,1,1,0,0,0,0,0,3,1,0.125,0.125,0.250,0,0.250,0.000
26,장승현,삼성,0.100,66,37,30,1,3,0,0,0,3,0,2,0,4,0,1,11,3,0.100,0.229,0.329,0,0.000,0.000
27,이성규,삼성,0.077,23,24,13,8,1,0,0,0,1,0,3,0,7,0,1,7,1,0.077,0.429,0.506,0,0.000,0.000
28,이해승,삼성,0.067,26,18,15,1,1,0,0,0,1,1,1,0,1,0,1,6,0,0.067,0.176,0.243,0,0.000,0.000
29,함수호,삼성,0.063,11,18,16,0,1,0,0,0,1,2,0,0,2,0,0,5,0,0.063,0.167,0.230,0,0.167,0.200
30,김재성,삼성,0.000,6,1,1,1,0,0,0,0,0,0,0,0,0,0,0,1,0,0.000,0.000,0.000,0,0.000,0.000
30,김재윤,삼성,-,1,0,0,0,0,0,0,0,0,0,0,0,0,0,0,0,0,-,-,-,0,0.000,0.000
30,윤정빈,삼성,0.000,1,3,3,0,0,0,0,0,0,0,0,0,0,0,0,3,0,0.000,0.000,0.000,0,0.000,0.000
30,이병헌,삼성,-,1,0,0,0,0,0,0,0,0,0,0,0,0,0,0,0,0,-,-,-,0,0.000,0.000
30,이승현,삼성,-,3,0,0,0,0,0,0,0,0,0,0,0,0,0,0,0,0,-,-,-,0,0.000,0.000
30,임기영,삼성,-,1,0,0,0,0,0,0,0,0,0,0,0,0,0,0,0,0,-,-,-,0,0.000,0.000
30,차승준,삼성,0.000,1,1,1,0,0,0,0,0,0,0,0,0,0,0,0,1,0,0.000,0.000,0.000,0,0.000,0.000
1,서건창,키움,0.308,99,450,386,60,119,13,5,3,151,32,7,1,47,3,9,49,8,0.391,0.395,0.786,31,0.346,0.333
2,김재현,키움,0.296,18,30,27,1,8,0,0,1,11,5,1,0,1,0,1,9,0,0.407,0.345,0.752,2,0.286,0.000
3,추재현,키움,0.293,73,293,256,32,75,14,0,4,101,18,5,0,26,0,6,53,14,0.395,0.372,0.767,18,0.226,0.000
4,데이비슨,키움,0.288,118,495,438,56,126,21,2,24,223,81,0,4,29,1,24,124,9,0.509,0.362,0.871,34,0.314,0.500
5,김건희,키움,0.271,120,403,365,32,99,22,0,8,145,50,5,3,29,1,1,102,8,0.397,0.324,0.721,23,0.300,0.158
6,히우라,키움,0.266,66,288,252,34,67,10,1,10,109,36,0,2,28,0,6,85,4,0.433,0.351,0.784,14,0.254,0.000
7,안치홍,키움,0.261,114,451,391,43,102,14,0,9,143,53,3,4,49,3,4,64,14,0.366,0.346,0.712,23,0.289,0.200
8,임병욱,키움,0.255,79,274,251,35,64,14,0,11,111,33,1,2,14,0,6,88,2,0.442,0.308,0.750,17,0.190,0.375
9,김웅빈,키움,0.247,94,303,263,30,65,10,1,9,104,30,0,0,33,0,7,72,3,0.395,0.347,0.742,17,0.200,0.063
10,이주형,키움,0.245,24,103,94,12,23,9,1,2,40,12,1,0,0,0,0,2,0,0.000,0.000,0.000,0,0.000,0.000
11,박찬혁,키움,0.240,94,330,283,33,68,7,0,11,108,40,5,2,32,0,8,84,10,0.382,0.332,0.714,18,0.219,0.200
12,송지후,키움,0.233,13,35,30,3,7,1,0,0,8,0,1,0,3,0,1,8,0,0.267,0.324,0.591,2,0.000,0.000
13,최주환,키움,0.229,93,296,253,23,58,10,1,3,79,30,3,2,37,1,1,41,8,0.312,0.328,0.640,14,0.236,0.235
14,권혁빈,키움,0.226,103,311,283,23,64,9,1,0,75,22,7,2,13,0,6,77,4,0.265,0.273,0.538,13,0.200,0.000
15,김지석,키움,0.224,17,56,49,3,11,1,0,1,15,3,3,1,1,0,2,9,1,0.306,0.264,0.570,2,0.182,0.000
16,브룩스,키움,0.217,41,161,143,11,31,6,0,0,37,16,0,3,14,0,1,24,1,0.259,0.286,0.545,6,0.364,0.500
17,박주홍,키움,0.213,63,185,155,21,33,7,1,2,48,8,1,0,24,0,5,53,3,0.310,0.337,0.647,7,0.111,0.333
18,어준서,키움,0.212,36,95,85,6,18,2,0,0,20,3,1,1,5,0,3,22,2,0.235,0.277,0.512,3,0.111,0.182
19,이형종,키움,0.209,67,188,163,21,34,6,0,5,55,19,1,0,21,0,3,54,4,0.337,0.310,0.647,7,0.175,0.227
20,김동헌,키움,0.208,39,106,96,7,20,7,0,2,33,14,1,0,6,0,3,23,1,0.344,0.276,0.620,5,0.250,1.000
20,임지열,키움,0.208,31,84,72,9,15,3,0,1,21,4,2,0,9,0,1,23,4,0.292,0.305,0.597,1,0.182,0.200
22,박수종,키움,0.204,44,57,49,10,10,2,0,0,12,2,2,0,5,0,1,9,1,0.245,0.291,0.536,1,0.133,0.000
23,오선진,키움,0.191,61,77,68,6,13,2,0,0,15,3,4,0,4,0,1,13,1,0.221,0.247,0.468,1,0.118,0.000
24,원성준,키움,0.188,16,37,32,3,6,0,0,0,6,3,1,0,4,0,0,9,0,0.188,0.278,0.466,2,0.300,0.000
25,여동욱,키움,0.181,72,177,144,16,26,4,1,4,44,11,3,1,23,0,6,61,3,0.306,0.316,0.622,3,0.083,0.188
26,양현종,키움,0.175,15,46,40,4,7,2,0,2,15,5,0,1,5,0,0,19,0,0.375,0.261,0.636,1,0.083,0.250
27,염승원,키움,0.154,13,30,26,2,4,0,0,0,4,0,2,0,2,0,0,12,0,0.154,0.214,0.368,0,0.000,0.000
28,최재영,키움,0.150,38,45,40,9,6,2,0,1,11,6,1,1,2,0,1,16,2,0.275,0.205,0.480,1,0.273,0.250
29,전태현,키움,0.143,10,21,21,1,3,1,0,0,4,0,0,0,0,0,0,8,0,0.190,0.143,0.333,0,0.000,0.200
30,김태진,키움,0.133,11,17,15,2,2,0,0,0,2,0,0,0,2,0,0,5,1,0.133,0.235,0.368,0,0.167,0.143
31,박한결,키움,0.128,14,41,39,1,5,1,0,0,6,0,0,0,2,0,0,12,0,0.154,0.171,0.325,1,0.000,0.000
32,박성빈,키움,0.125,17,25,24,1,3,0,0,0,3,1,0,0,0,0,1,9,0,0.125,0.160,0.285,0,0.500,0.000
32,주성원,키움,0.125,11,20,16,2,2,0,0,0,2,0,0,0,3,0,1,6,0,0.125,0.300,0.425,0,0.000,0.250
34,박채울,키움,0.120,34,26,25,2,3,0,0,0,3,0,1,0,0,0,0,8,2,0.120,0.120,0.240,0,0.000,0.000
35,김시앙,키움,0.000,2,1,1,0,0,0,0,0,0,0,0,0,0,0,0,0,0,0.000,0.000,0.000,0,0.000,0.000
35,김윤하,키움,-,1,0,0,0,0,0,0,0,0,0,0,0,0,0,0,0,0,-,-,-,0,0.000,0.000
35,박병호,키움,-,1,0,0,0,0,0,0,0,0,0,0,0,0,0,0,0,0,-,-,-,0,0.000,0.000
35,박지성,키움,-,1,0,0,0,0,0,0,0,0,0,0,0,0,0,0,0,0,-,-,-,0,0.000,0.000
35,박진형,키움,-,1,0,0,0,0,0,0,0,0,0,0,0,0,0,0,0,0,-,-,-,0,0.000,0.000
35,이주형,키움,0.000,5,5,5,0,0,0,0,0,0,0,0,0,0,0,0,2,0,0.000,0.000,0.000,0,0.000,0.000
35,조영건,키움,-,1,0,0,0,0,0,0,0,0,0,0,0,0,0,0,0,0,-,-,-,0,0.000,0.000
1,최유빈,한화,0.333,22,3,3,7,1,0,0,0,1,0,0,0,0,0,0,1,0,0.333,0.333,0.666,0,1.000,1.000
2,장규현,한화,0.306,26,46,36,7,11,4,0,0,15,5,1,0,9,1,0,6,2,0.417,0.444,0.861,1,0.385,0.400
3,문현빈,한화,0.302,124,558,487,82,147,29,4,15,229,74,2,4,59,0,6,68,20,0.470,0.381,0.851,42,0.228,0.000
4,최인호,한화,0.294,71,180,160,20,47,5,0,4,64,21,1,2,15,0,2,25,6,0.400,0.358,0.758,13,0.278,0.167
5,채은성,한화,0.292,47,192,171,19,50,6,0,6,74,20,0,2,15,0,4,34,9,0.433,0.359,0.792,13,0.211,1.000
6,강백호,한화,0.289,123,536,478,73,138,22,0,33,259,113,0,5,50,5,3,112,8,0.542,0.356,0.898,38,0.364,0.000
7,페라자,한화,0.288,130,551,451,87,130,29,2,20,223,68,2,5,89,4,4,103,9,0.494,0.406,0.900,33,0.258,0.125
8,허인서,한화,0.286,122,432,384,58,110,17,0,20,187,75,4,4,32,2,8,121,4,0.487,0.350,0.837,24,0.333,0.000
9,노시환,한화,0.281,119,537,473,91,133,21,2,27,239,90,1,3,49,0,11,140,16,0.505,0.360,0.865,41,0.258,0.000
10,이원석,한화,0.272,95,214,191,31,52,7,2,1,66,16,5,0,15,0,3,40,1,0.346,0.335,0.681,13,0.302,0.250
11,김태연,한화,0.271,120,421,361,60,98,18,2,13,159,41,15,2,37,0,6,78,9,0.440,0.347,0.787,22,0.256,1.000
12,오재원,한화,0.265,76,167,147,38,39,6,1,0,47,16,3,0,17,0,0,23,3,0.320,0.341,0.661,9,0.265,0.000
13,심우준,한화,0.262,125,441,389,62,102,11,0,6,131,45,10,1,37,0,4,73,2,0.337,0.332,0.669,23,0.267,0.000
14,한지윤,한화,0.260,37,106,100,13,26,3,0,6,47,24,0,1,5,0,0,32,4,0.470,0.292,0.762,6,0.393,0.333
15,이도윤,한화,0.257,113,385,350,43,90,16,3,2,118,35,7,4,20,1,4,57,4,0.337,0.302,0.639,23,0.244,0.250
16,유민,한화,0.255,27,65,55,7,14,1,0,2,21,7,0,0,4,0,6,23,1,0.382,0.369,0.751,1,0.188,0.667
17,정은원,한화,0.250,19,35,32,4,8,1,0,1,12,2,0,0,3,0,0,9,0,0.375,0.314,0.689,1,0.000,0.286
18,이진영,한화,0.241,51,102,87,11,21,2,0,2,29,12,0,1,11,0,3,31,1,0.333,0.343,0.676,5,0.261,0.214
19,권광민,한화,0.235,11,18,17,1,4,2,0,0,6,2,0,0,1,0,0,6,0,0.353,0.278,0.631,0,0.500,0.250
20,박정현,한화,0.223,71,127,112,25,25,3,0,9,55,23,3,1,10,0,1,34,3,0.491,0.290,0.781,2,0.207,0.267
21,황영묵,한화,0.197,70,154,127,14,25,6,1,1,36,23,4,1,20,0,2,23,3,0.283,0.313,0.596,4,0.289,0.167
22,최재훈,한화,0.175,51,119,97,12,17,0,0,0,17,13,2,2,11,0,7,20,3,0.175,0.299,0.474,1,0.105,0.000
23,권민규,한화,-,1,0,0,0,0,0,0,0,0,0,0,0,0,0,0,0,0,-,-,-,0,0.000,0.000
23,김서현,한화,-,3,0,0,0,0,0,0,0,0,0,0,0,0,0,0,0,0,-,-,-,0,0.000,0.000
23,배승수,한화,0.000,5,3,2,1,0,0,0,0,0,0,0,0,0,0,1,0,0,0.000,0.333,0.333,0,0.000,0.000
23,유로결,한화,0.000,5,2,2,2,0,0,0,0,0,0,0,0,0,0,0,1,0,0.000,0.000,0.000,0,0.000,0.000
23,이도훈,한화,-,17,0,0,6,0,0,0,0,0,0,0,0,0,0,0,0,0,-,-,-,0,0.000,0.000
23,이민우,한화,-,2,0,0,0,0,0,0,0,0,0,0,0,0,0,0,0,0,-,-,-,0,0.000,0.000
23,이형범,한화,-,2,0,0,0,0,0,0,0,0,0,0,0,0,0,0,0,0,-,-,-,0,0.000,0.000
23,정민규,한화,0.000,5,4,4,0,0,0,0,0,0,0,0,0,0,0,0,3,0,0.000,0.000,0.000,0,0.000,0.000
23,조동욱,한화,-,1,0,0,0,0,0,0,0,0,0,0,0,0,0,0,0,0,-,-,-,0,0.000,0.000
23,최원준,한화,0.000,2,2,2,0,0,0,0,0,0,1,0,0,0,0,0,0,0,0.000,0.000,0.000,0,0.000,0.000
23,쿠싱,한화,-,3,0,0,0,0,0,0,0,0,0,0,0,0,0,0,0,0,-,-,-,0,0.000,0.000
