prediction_id,game_date,home_team,away_team,predicted_winner,home_win_prob,away_win_prob,model_version,predicted_at,actual_winner,is_correct,scored_at
PRED_2026-05-05_KIA_한화,2026-05-05,KIA,한화,홈승,0.5256,0.4744,v3-dynamic,2026-05-05 22:25:02,,PENDING,
PRED_2026-05-05_KT_롯데,2026-05-05,KT,롯데,홈승,0.5383,0.4617,v3-dynamic,2026-05-05 22:25:02,,PENDING,
PRED_2026-05-05_LG_두산,2026-05-05,LG,두산,홈승,0.5463,0.4537,v3-dynamic,2026-05-05 22:25:02,,PENDING,
PRED_2026-05-05_SSG_NC,2026-05-05,SSG,NC,홈승,0.5566,0.4434,v3-dynamic,2026-05-05 22:25:02,,PENDING,
PRED_2026-05-05_삼성_키움,2026-05-05,삼성,키움,홈승,0.5282,0.4718,v3-dynamic,2026-05-05 22:25:02,,PENDING,
PRED_2026-05-06_KIA_한화,2026-05-06,KIA,한화,원정승,0.4849,0.5151,v3-dynamic,2026-05-06 22:18:22,,PENDING,
PRED_2026-05-06_KT_롯데,2026-05-06,KT,롯데,홈승,0.5242,0.4758,v3-dynamic,2026-05-06 22:18:22,,PENDING,
PRED_2026-05-06_LG_두산,2026-05-06,LG,두산,홈승,0.5602,0.4398,v3-dynamic,2026-05-06 22:18:22,,PENDING,
PRED_2026-05-06_SSG_NC,2026-05-06,SSG,NC,홈승,0.5545,0.4455,v3-dynamic,2026-05-06 22:18:22,,PENDING,
PRED_2026-05-06_삼성_키움,2026-05-06,삼성,키움,홈승,0.5177,0.4823,v3-dynamic,2026-05-06 22:18:22,,PENDING,
PRED_2026-05-07_KIA_한화,2026-05-07,KIA,한화,원정승,0.4661,0.5339,v3-dynamic,2026-05-07 22:50:09,,PENDING,
PRED_2026-05-07_KT_롯데,2026-05-07,KT,롯데,홈승,0.5384,0.4616,v3-dynamic,2026-05-07 22:50:09,,PENDING,
PRED_2026-05-07_LG_두산,2026-05-07,LG,두산,홈승,0.5294,0.4706,v3-dynamic,2026-05-07 22:50:09,,PENDING,
PRED_2026-05-07_SSG_NC,2026-05-07,SSG,NC,원정승,0.4946,0.5054,v3-dynamic,2026-05-07 22:50:09,,PENDING,
PRED_2026-05-07_삼성_키움,2026-05-07,삼성,키움,원정승,0.4939,0.5061,v3-dynamic,2026-05-07 22:50:09,,PENDING,
PRED_2026-05-08_NC_삼성,2026-05-08,NC,삼성,원정승,0.4761,0.5239,v3-dynamic,2026-05-08 22:22:54,,PENDING,
PRED_2026-05-08_두산_SSG,2026-05-08,두산,SSG,홈승,0.5217,0.4783,v3-dynamic,2026-05-08 22:22:54,,PENDING,
PRED_2026-05-08_롯데_KIA,2026-05-08,롯데,KIA,홈승,0.5159,0.4841,v3-dynamic,2026-05-08 22:22:54,,PENDING,
PRED_2026-05-08_키움_KT,2026-05-08,키움,KT,홈승,0.5274,0.4726,v3-dynamic,2026-05-08 22:22:54,,PENDING,
PRED_2026-05-08_한화_LG,2026-05-08,한화,LG,홈승,0.594,0.406,v3-dynamic,2026-05-08 22:22:54,,PENDING,
PRED_2026-05-09_NC_삼성,2026-05-09,NC,삼성,원정승,0.4765,0.5235,v3-dynamic,2026-05-09 21:38:05,,PENDING,
PRED_2026-05-09_두산_SSG,2026-05-09,두산,SSG,홈승,0.5058,0.4942,v3-dynamic,2026-05-09 21:38:05,,PENDING,
PRED_2026-05-09_롯데_KIA,2026-05-09,롯데,KIA,홈승,0.5235,0.4765,v3-dynamic,2026-05-09 21:38:05,,PENDING,
PRED_2026-05-09_키움_KT,2026-05-09,키움,KT,홈승,0.5166,0.4834,v3-dynamic,2026-05-09 21:38:05,,PENDING,
PRED_2026-05-09_한화_LG,2026-05-09,한화,LG,홈승,0.6222,0.3778,v3-dynamic,2026-05-09 21:38:05,,PENDING,
PRED_2026-05-10_NC_삼성,2026-05-10,NC,삼성,원정승,0.4762,0.5238,v3-dynamic,2026-05-10 21:44:14,,PENDING,
PRED_2026-05-10_두산_SSG,2026-05-10,두산,SSG,홈승,0.5297,0.4703,v3-dynamic,2026-05-10 21:44:14,,PENDING,
PRED_2026-05-10_롯데_KIA,2026-05-10,롯데,KIA,홈승,0.5168,0.4832,v3-dynamic,2026-05-10 21:44:14,,PENDING,
PRED_2026-05-10_키움_KT,2026-05-10,키움,KT,원정승,0.4802,0.5198,v3-dynamic,2026-05-10 21:44:14,,PENDING,
PRED_2026-05-10_한화_LG,2026-05-10,한화,LG,홈승,0.6147,0.3853,v3-dynamic,2026-05-10 21:44:14,,PENDING,
PRED_2026-05-12_KIA_두산,2026-05-12,KIA,두산,원정승,0.4812,0.5188,v3-dynamic,2026-05-12 22:53:50,,PENDING,
PRED_2026-05-12_KT_SSG,2026-05-12,KT,SSG,홈승,0.5687,0.4313,v3-dynamic,2026-05-12 22:53:50,,PENDING,
PRED_2026-05-12_LG_삼성,2026-05-12,LG,삼성,원정승,0.4798,0.5202,v3-dynamic,2026-05-12 22:53:50,,PENDING,
PRED_2026-05-12_롯데_NC,2026-05-12,롯데,NC,홈승,0.5131,0.4869,v3-dynamic,2026-05-12 22:53:50,,PENDING,
PRED_2026-05-12_키움_한화,2026-05-12,키움,한화,홈승,0.5016,0.4984,v3-dynamic,2026-05-12 22:53:50,,PENDING,
PRED_2026-05-13_KIA_두산,2026-05-13,KIA,두산,원정승,0.4865,0.5135,v3-dynamic,2026-05-13 22:58:57,,PENDING,
PRED_2026-05-13_KT_SSG,2026-05-13,KT,SSG,홈승,0.5796,0.4204,v3-dynamic,2026-05-13 22:58:57,,PENDING,
PRED_2026-05-13_LG_삼성,2026-05-13,LG,삼성,원정승,0.4903,0.5097,v3-dynamic,2026-05-13 22:58:57,,PENDING,
PRED_2026-05-13_롯데_NC,2026-05-13,롯데,NC,홈승,0.5023,0.4977,v3-dynamic,2026-05-13 22:58:57,,PENDING,
PRED_2026-05-13_키움_한화,2026-05-13,키움,한화,원정승,0.4972,0.5028,v3-dynamic,2026-05-13 22:58:57,,PENDING,
PRED_2026-05-14_KIA_두산,2026-05-14,KIA,두산,원정승,0.4654,0.5346,v3-dynamic,2026-05-14 22:48:04,,PENDING,
PRED_2026-05-14_KT_SSG,2026-05-14,KT,SSG,홈승,0.5847,0.4153,v3-dynamic,2026-05-14 22:48:04,,PENDING,
PRED_2026-05-14_LG_삼성,2026-05-14,LG,삼성,원정승,0.4739,0.5261,v3-dynamic,2026-05-14 22:48:04,,PENDING,
PRED_2026-05-14_롯데_NC,2026-05-14,롯데,NC,홈승,0.5061,0.4939,v3-dynamic,2026-05-14 22:48:04,,PENDING,
PRED_2026-05-14_키움_한화,2026-05-14,키움,한화,홈승,0.5024,0.4976,v3-dynamic,2026-05-14 22:48:04,,PENDING,
PRED_2026-05-15_KT_한화,2026-05-15,KT,한화,홈승,0.5665,0.4335,v3-dynamic,2026-05-15 22:22:34,,PENDING,
PRED_2026-05-15_NC_키움,2026-05-15,NC,키움,원정승,0.4564,0.5436,v3-dynamic,2026-05-15 22:22:34,,PENDING,
PRED_2026-05-15_SSG_LG,2026-05-15,SSG,LG,원정승,0.4838,0.5162,v3-dynamic,2026-05-15 22:22:34,,PENDING,
PRED_2026-05-15_두산_롯데,2026-05-15,두산,롯데,홈승,0.5251,0.4749,v3-dynamic,2026-05-15 22:22:34,,PENDING,
PRED_2026-05-15_삼성_KIA,2026-05-15,삼성,KIA,홈승,0.6202,0.3798,v3-dynamic,2026-05-15 22:22:34,,PENDING,
PRED_2026-05-16_KT_한화,2026-05-16,KT,한화,홈승,0.5504,0.4496,v3-dynamic,2026-05-16 21:45:21,,PENDING,
PRED_2026-05-16_NC_키움,2026-05-16,NC,키움,원정승,0.4427,0.5573,v3-dynamic,2026-05-16 21:45:21,,PENDING,
PRED_2026-05-16_SSG_LG,2026-05-16,SSG,LG,원정승,0.4832,0.5168,v3-dynamic,2026-05-16 21:45:21,,PENDING,
PRED_2026-05-16_두산_롯데,2026-05-16,두산,롯데,홈승,0.5062,0.4938,v3-dynamic,2026-05-16 21:45:21,,PENDING,
PRED_2026-05-16_삼성_KIA,2026-05-16,삼성,KIA,홈승,0.6153,0.3847,v3-dynamic,2026-05-16 21:45:21,,PENDING,
PRED_2026-05-17_KT_한화,2026-05-17,KT,한화,홈승,0.5316,0.4684,v3-dynamic,2026-05-17 22:18:37,,PENDING,
PRED_2026-05-17_NC_키움,2026-05-17,NC,키움,원정승,0.4484,0.5516,v3-dynamic,2026-05-17 22:18:37,,PENDING,
PRED_2026-05-17_SSG_LG,2026-05-17,SSG,LG,원정승,0.4775,0.5225,v3-dynamic,2026-05-17 22:18:37,,PENDING,
PRED_2026-05-17_두산_롯데,2026-05-17,두산,롯데,원정승,0.4988,0.5012,v3-dynamic,2026-05-17 22:18:37,,PENDING,
PRED_2026-05-17_삼성_KIA,2026-05-17,삼성,KIA,홈승,0.6216,0.3784,v3-dynamic,2026-05-17 22:18:37,,PENDING,
PRED_2026-05-19_KIA_LG,2026-05-19,KIA,LG,홈승,0.5195,0.4805,v3-dynamic,2026-05-19 20:33:32,,PENDING,
PRED_2026-05-19_두산_NC,2026-05-19,두산,NC,홈승,0.5559,0.4441,v3-dynamic,2026-05-19 20:33:32,,PENDING,
PRED_2026-05-19_삼성_KT,2026-05-19,삼성,KT,홈승,0.5868,0.4132,v3-dynamic,2026-05-19 20:33:32,,PENDING,
PRED_2026-05-19_키움_SSG,2026-05-19,키움,SSG,홈승,0.5258,0.4742,v3-dynamic,2026-05-19 20:33:32,,PENDING,
PRED_2026-05-19_한화_롯데,2026-05-19,한화,롯데,홈승,0.5464,0.4536,v3-dynamic,2026-05-19 20:33:32,,PENDING,
PRED_2026-05-20_KIA_LG,2026-05-20,KIA,LG,홈승,0.5181,0.4819,v3-dynamic,2026-05-20 21:05:49,,PENDING,
PRED_2026-05-20_두산_NC,2026-05-20,두산,NC,홈승,0.548,0.452,v3-dynamic,2026-05-20 21:05:49,,PENDING,
PRED_2026-05-20_삼성_KT,2026-05-20,삼성,KT,홈승,0.5887,0.4113,v3-dynamic,2026-05-20 21:05:49,,PENDING,
PRED_2026-05-20_키움_SSG,2026-05-20,키움,SSG,원정승,0.4941,0.5059,v3-dynamic,2026-05-20 21:05:49,,PENDING,
PRED_2026-05-20_한화_롯데,2026-05-20,한화,롯데,홈승,0.5428,0.4572,v3-dynamic,2026-05-20 21:05:49,,PENDING,
PRED_2026-05-21_KIA_LG,2026-05-21,KIA,LG,원정승,0.4943,0.5057,v3-dynamic,2026-05-21 20:39:41,,PENDING,
PRED_2026-05-21_두산_NC,2026-05-21,두산,NC,홈승,0.5452,0.4548,v3-dynamic,2026-05-21 20:39:41,,PENDING,
PRED_2026-05-21_삼성_KT,2026-05-21,삼성,KT,홈승,0.5935,0.4065,v3-dynamic,2026-05-21 20:39:41,,PENDING,
PRED_2026-05-21_키움_SSG,2026-05-21,키움,SSG,홈승,0.5132,0.4868,v3-dynamic,2026-05-21 20:39:41,,PENDING,
PRED_2026-05-21_한화_롯데,2026-05-21,한화,롯데,홈승,0.5171,0.4829,v3-dynamic,2026-05-21 20:39:41,,PENDING,
PRED_2026-05-22_KIA_SSG,2026-05-22,KIA,SSG,홈승,0.5674,0.4326,v3-dynamic,2026-05-22 20:37:31,,PENDING,
PRED_2026-05-22_KT_NC,2026-05-22,KT,NC,홈승,0.5051,0.4949,v3-dynamic,2026-05-22 20:37:31,,PENDING,
PRED_2026-05-22_LG_키움,2026-05-22,LG,키움,원정승,0.4793,0.5207,v3-dynamic,2026-05-22 20:37:31,,PENDING,
PRED_2026-05-22_롯데_삼성,2026-05-22,롯데,삼성,원정승,0.4965,0.5035,v3-dynamic,2026-05-22 20:37:31,,PENDING,
PRED_2026-05-22_한화_두산,2026-05-22,한화,두산,홈승,0.528,0.472,v3-dynamic,2026-05-22 20:37:31,,PENDING,
PRED_2026-05-23_KIA_SSG,2026-05-23,KIA,SSG,홈승,0.5544,0.4456,v3-dynamic,2026-05-23 20:10:20,,PENDING,
PRED_2026-05-23_KT_NC,2026-05-23,KT,NC,원정승,0.4948,0.5052,v3-dynamic,2026-05-23 20:10:20,,PENDING,
PRED_2026-05-23_LG_키움,2026-05-23,LG,키움,원정승,0.4699,0.5301,v3-dynamic,2026-05-23 20:10:20,,PENDING,
PRED_2026-05-23_롯데_삼성,2026-05-23,롯데,삼성,원정승,0.4911,0.5089,v3-dynamic,2026-05-23 20:10:20,,PENDING,
PRED_2026-05-23_한화_두산,2026-05-23,한화,두산,원정승,0.4888,0.5112,v3-dynamic,2026-05-23 20:10:20,,PENDING,
PRED_2026-05-24_KIA_SSG,2026-05-24,KIA,SSG,홈승,0.5406,0.4594,v3-dynamic,2026-05-24 20:08:59,,PENDING,
PRED_2026-05-24_KT_NC,2026-05-24,KT,NC,원정승,0.4806,0.5194,v3-dynamic,2026-05-24 20:08:59,,PENDING,
PRED_2026-05-24_LG_키움,2026-05-24,LG,키움,원정승,0.4322,0.5678,v3-dynamic,2026-05-24 20:08:59,,PENDING,
PRED_2026-05-24_롯데_삼성,2026-05-24,롯데,삼성,원정승,0.4732,0.5268,v3-dynamic,2026-05-24 20:08:59,,PENDING,
PRED_2026-05-24_한화_두산,2026-05-24,한화,두산,홈승,0.5104,0.4896,v3-dynamic,2026-05-24 20:08:59,,PENDING,
PRED_2026-05-26_NC_한화,2026-05-26,NC,한화,원정승,0.495,0.505,v3-dynamic,2026-05-26 21:00:22,,PENDING,
PRED_2026-05-26_SSG_삼성,2026-05-26,SSG,삼성,원정승,0.4899,0.5101,v3-dynamic,2026-05-26 21:00:22,,PENDING,
PRED_2026-05-26_두산_KT,2026-05-26,두산,KT,홈승,0.5041,0.4959,v3-dynamic,2026-05-26 21:00:22,,PENDING,
PRED_2026-05-26_롯데_LG,2026-05-26,롯데,LG,홈승,0.5337,0.4663,v3-dynamic,2026-05-26 21:00:22,,PENDING,
PRED_2026-05-26_키움_KIA,2026-05-26,키움,KIA,홈승,0.5304,0.4696,v3-dynamic,2026-05-26 21:00:22,,PENDING,
PRED_2026-05-27_NC_한화,2026-05-27,NC,한화,홈승,0.5099,0.4901,v3-dynamic,2026-05-27 21:06:57,,PENDING,
PRED_2026-05-27_SSG_삼성,2026-05-27,SSG,삼성,원정승,0.4915,0.5085,v3-dynamic,2026-05-27 21:06:57,,PENDING,
PRED_2026-05-27_두산_KT,2026-05-27,두산,KT,원정승,0.4884,0.5116,v3-dynamic,2026-05-27 21:06:57,,PENDING,
PRED_2026-05-27_롯데_LG,2026-05-27,롯데,LG,홈승,0.5324,0.4676,v3-dynamic,2026-05-27 21:06:57,,PENDING,
PRED_2026-05-27_키움_KIA,2026-05-27,키움,KIA,홈승,0.5491,0.4509,v3-dynamic,2026-05-27 21:06:57,,PENDING,
PRED_2026-05-28_NC_한화,2026-05-28,NC,한화,홈승,0.5161,0.4839,v3-dynamic,2026-05-28 21:12:19,,PENDING,
PRED_2026-05-28_SSG_삼성,2026-05-28,SSG,삼성,원정승,0.4663,0.5337,v3-dynamic,2026-05-28 21:12:19,,PENDING,
PRED_2026-05-28_두산_KT,2026-05-28,두산,KT,원정승,0.4916,0.5084,v3-dynamic,2026-05-28 21:12:19,,PENDING,
PRED_2026-05-28_롯데_LG,2026-05-28,롯데,LG,홈승,0.5528,0.4472,v3-dynamic,2026-05-28 21:12:19,,PENDING,
PRED_2026-05-28_키움_KIA,2026-05-28,키움,KIA,홈승,0.5295,0.4705,v3-dynamic,2026-05-28 21:12:19,,PENDING,
PRED_2026-05-29_LG_KIA,2026-05-29,LG,KIA,홈승,0.5339,0.4661,v3-dynamic,2026-05-29 21:15:13,,PENDING,
PRED_2026-05-29_NC_롯데,2026-05-29,NC,롯데,원정승,0.476,0.524,v3-dynamic,2026-05-29 21:15:13,,PENDING,
PRED_2026-05-29_삼성_두산,2026-05-29,삼성,두산,홈승,0.5707,0.4293,v3-dynamic,2026-05-29 21:15:13,,PENDING,
PRED_2026-05-29_키움_KT,2026-05-29,키움,KT,홈승,0.5079,0.4921,v3-dynamic,2026-05-29 21:15:13,,PENDING,
PRED_2026-05-29_한화_SSG,2026-05-29,한화,SSG,홈승,0.5588,0.4412,v3-dynamic,2026-05-29 21:15:13,,PENDING,
PRED_2026-05-30_LG_KIA,2026-05-30,LG,KIA,홈승,0.5525,0.4475,v3-dynamic,2026-05-30 20:11:59,,PENDING,
PRED_2026-05-30_NC_롯데,2026-05-30,NC,롯데,원정승,0.4905,0.5095,v3-dynamic,2026-05-30 20:11:59,,PENDING,
PRED_2026-05-30_삼성_두산,2026-05-30,삼성,두산,홈승,0.5747,0.4253,v3-dynamic,2026-05-30 20:11:59,,PENDING,
PRED_2026-05-30_키움_KT,2026-05-30,키움,KT,홈승,0.5027,0.4973,v3-dynamic,2026-05-30 20:11:59,,PENDING,
PRED_2026-05-30_한화_SSG,2026-05-30,한화,SSG,홈승,0.5509,0.4491,v3-dynamic,2026-05-30 20:11:59,,PENDING,
PRED_2026-05-31_LG_KIA,2026-05-31,LG,KIA,홈승,0.5393,0.4607,v3-dynamic,2026-05-31 20:09:42,,PENDING,
PRED_2026-05-31_NC_롯데,2026-05-31,NC,롯데,홈승,0.5006,0.4994,v3-dynamic,2026-05-31 20:09:42,,PENDING,
PRED_2026-05-31_삼성_두산,2026-05-31,삼성,두산,홈승,0.5769,0.4231,v3-dynamic,2026-05-31 20:09:42,,PENDING,
PRED_2026-05-31_키움_KT,2026-05-31,키움,KT,원정승,0.4891,0.5109,v3-dynamic,2026-05-31 20:09:42,,PENDING,
PRED_2026-05-31_한화_SSG,2026-05-31,한화,SSG,홈승,0.5432,0.4568,v3-dynamic,2026-05-31 20:09:42,,PENDING,
PRED_2026-06-02_KIA_롯데,2026-06-02,KIA,롯데,홈승,0.5115,0.4885,v3-dynamic,2026-06-02 21:50:10,,PENDING,
PRED_2026-06-02_KT_LG,2026-06-02,KT,LG,홈승,0.5619,0.4381,v3-dynamic,2026-06-02 21:50:10,,PENDING,
PRED_2026-06-02_SSG_키움,2026-06-02,SSG,키움,원정승,0.3871,0.6129,v3-dynamic,2026-06-02 21:50:10,,PENDING,
PRED_2026-06-02_두산_한화,2026-06-02,두산,한화,홈승,0.5156,0.4844,v3-dynamic,2026-06-02 21:50:10,,PENDING,
PRED_2026-06-02_삼성_NC,2026-06-02,삼성,NC,홈승,0.5629,0.4371,v3-dynamic,2026-06-02 21:50:10,,PENDING,
PRED_2026-06-03_KIA_롯데,2026-06-03,KIA,롯데,원정승,0.4912,0.5088,v3-dynamic,2026-06-03 21:51:52,,PENDING,
PRED_2026-06-03_KT_LG,2026-06-03,KT,LG,홈승,0.5676,0.4324,v3-dynamic,2026-06-03 21:51:52,,PENDING,
PRED_2026-06-03_SSG_키움,2026-06-03,SSG,키움,원정승,0.3642,0.6358,v3-dynamic,2026-06-03 21:51:52,,PENDING,
PRED_2026-06-03_두산_한화,2026-06-03,두산,한화,원정승,0.4935,0.5065,v3-dynamic,2026-06-03 21:51:52,,PENDING,
PRED_2026-06-03_삼성_NC,2026-06-03,삼성,NC,홈승,0.5542,0.4458,v3-dynamic,2026-06-03 21:51:52,,PENDING,
PRED_2026-06-04_KIA_롯데,2026-06-04,KIA,롯데,홈승,0.5276,0.4724,v3-dynamic,2026-06-04 21:04:18,,PENDING,
PRED_2026-06-04_KT_LG,2026-06-04,KT,LG,홈승,0.5823,0.4177,v3-dynamic,2026-06-04 21:04:18,,PENDING,
PRED_2026-06-04_SSG_키움,2026-06-04,SSG,키움,원정승,0.4228,0.5772,v3-dynamic,2026-06-04 21:04:18,,PENDING,
PRED_2026-06-04_두산_한화,2026-06-04,두산,한화,홈승,0.5172,0.4828,v3-dynamic,2026-06-04 21:04:18,,PENDING,
PRED_2026-06-04_삼성_NC,2026-06-04,삼성,NC,홈승,0.5558,0.4442,v3-dynamic,2026-06-04 21:04:18,,PENDING,
PRED_2026-06-05_KIA_삼성,2026-06-05,KIA,삼성,홈승,0.5089,0.4911,v3-dynamic,2026-06-05 20:54:50,,PENDING,
PRED_2026-06-05_NC_LG,2026-06-05,NC,LG,홈승,0.5221,0.4779,v3-dynamic,2026-06-05 20:54:50,,PENDING,
PRED_2026-06-05_SSG_KT,2026-06-05,SSG,KT,원정승,0.445,0.555,v3-dynamic,2026-06-05 20:54:50,,PENDING,
PRED_2026-06-05_두산_키움,2026-06-05,두산,키움,홈승,0.5242,0.4758,v3-dynamic,2026-06-05 20:54:50,,PENDING,
PRED_2026-06-05_롯데_한화,2026-06-05,롯데,한화,원정승,0.4463,0.5537,v3-dynamic,2026-06-05 20:54:50,,PENDING,
PRED_2026-06-06_KIA_삼성,2026-06-06,KIA,삼성,원정승,0.494,0.506,v3-dynamic,2026-06-06 20:14:11,,PENDING,
PRED_2026-06-06_NC_LG,2026-06-06,NC,LG,홈승,0.5254,0.4746,v3-dynamic,2026-06-06 20:14:11,,PENDING,
PRED_2026-06-06_SSG_KT,2026-06-06,SSG,KT,원정승,0.4283,0.5717,v3-dynamic,2026-06-06 20:14:11,,PENDING,
PRED_2026-06-06_두산_키움,2026-06-06,두산,키움,홈승,0.5027,0.4973,v3-dynamic,2026-06-06 20:14:11,,PENDING,
PRED_2026-06-06_롯데_한화,2026-06-06,롯데,한화,원정승,0.4473,0.5527,v3-dynamic,2026-06-06 20:14:11,,PENDING,
PRED_2026-06-07_KIA_삼성,2026-06-07,KIA,삼성,홈승,0.5089,0.4911,v3-dynamic,2026-06-07 20:16:22,,PENDING,
PRED_2026-06-07_NC_LG,2026-06-07,NC,LG,홈승,0.5351,0.4649,v3-dynamic,2026-06-07 20:16:22,,PENDING,
PRED_2026-06-07_SSG_KT,2026-06-07,SSG,KT,원정승,0.4307,0.5693,v3-dynamic,2026-06-07 20:16:22,,PENDING,
PRED_2026-06-07_두산_키움,2026-06-07,두산,키움,홈승,0.5058,0.4942,v3-dynamic,2026-06-07 20:16:22,,PENDING,
PRED_2026-06-07_롯데_한화,2026-06-07,롯데,한화,원정승,0.4429,0.5571,v3-dynamic,2026-06-07 20:16:22,,PENDING,
PRED_2026-06-09_KT_삼성,2026-06-09,KT,삼성,홈승,0.5488,0.4512,v3-dynamic,2026-06-09 21:03:20,,PENDING,
PRED_2026-06-09_LG_SSG,2026-06-09,LG,SSG,홈승,0.5689,0.4311,v3-dynamic,2026-06-09 21:03:20,,PENDING,
PRED_2026-06-09_롯데_두산,2026-06-09,롯데,두산,원정승,0.4721,0.5279,v3-dynamic,2026-06-09 21:03:20,,PENDING,
PRED_2026-06-09_키움_NC,2026-06-09,키움,NC,홈승,0.5061,0.4939,v3-dynamic,2026-06-09 21:03:20,,PENDING,
PRED_2026-06-09_한화_KIA,2026-06-09,한화,KIA,홈승,0.5917,0.4083,v3-dynamic,2026-06-09 21:03:20,,PENDING,
PRED_2026-06-10_KT_삼성,2026-06-10,KT,삼성,홈승,0.5319,0.4681,v3-dynamic,2026-06-10 21:32:46,,PENDING,
PRED_2026-06-10_LG_SSG,2026-06-10,LG,SSG,홈승,0.5723,0.4277,v3-dynamic,2026-06-10 21:32:46,,PENDING,
PRED_2026-06-10_롯데_두산,2026-06-10,롯데,두산,원정승,0.4899,0.5101,v3-dynamic,2026-06-10 21:32:46,,PENDING,
PRED_2026-06-10_키움_NC,2026-06-10,키움,NC,홈승,0.5014,0.4986,v3-dynamic,2026-06-10 21:32:46,,PENDING,
PRED_2026-06-10_한화_KIA,2026-06-10,한화,KIA,홈승,0.5776,0.4224,v3-dynamic,2026-06-10 21:32:46,,PENDING,
PRED_2026-06-11_KT_삼성,2026-06-11,KT,삼성,홈승,0.5134,0.4866,v3-dynamic,2026-06-11 21:22:08,,PENDING,
PRED_2026-06-11_LG_SSG,2026-06-11,LG,SSG,홈승,0.552,0.448,v3-dynamic,2026-06-11 21:22:08,,PENDING,
PRED_2026-06-11_롯데_두산,2026-06-11,롯데,두산,원정승,0.4803,0.5197,v3-dynamic,2026-06-11 21:22:08,,PENDING,
PRED_2026-06-11_키움_NC,2026-06-11,키움,NC,홈승,0.5173,0.4827,v3-dynamic,2026-06-11 21:22:08,,PENDING,
PRED_2026-06-11_한화_KIA,2026-06-11,한화,KIA,홈승,0.5907,0.4093,v3-dynamic,2026-06-11 21:22:08,,PENDING,
PRED_2026-06-12_KIA_두산,2026-06-12,KIA,두산,원정승,0.4938,0.5062,v3-dynamic,2026-06-12 21:09:11,,PENDING,
PRED_2026-06-12_KT_NC,2026-06-12,KT,NC,홈승,0.5111,0.4889,v3-dynamic,2026-06-12 21:09:11,,PENDING,
PRED_2026-06-12_LG_롯데,2026-06-12,LG,롯데,홈승,0.5108,0.4892,v3-dynamic,2026-06-12 21:09:11,,PENDING,
PRED_2026-06-12_삼성_SSG,2026-06-12,삼성,SSG,홈승,0.5551,0.4449,v3-dynamic,2026-06-12 21:09:11,,PENDING,
PRED_2026-06-12_키움_한화,2026-06-12,키움,한화,홈승,0.5521,0.4479,v3-dynamic,2026-06-12 21:09:11,,PENDING,
PRED_2026-06-13_KIA_두산,2026-06-13,KIA,두산,홈승,0.5062,0.4938,v3-dynamic,2026-06-13 20:21:04,,PENDING,
PRED_2026-06-13_KT_NC,2026-06-13,KT,NC,홈승,0.5056,0.4944,v3-dynamic,2026-06-13 20:21:04,,PENDING,
PRED_2026-06-13_LG_롯데,2026-06-13,LG,롯데,홈승,0.5104,0.4896,v3-dynamic,2026-06-13 20:21:04,,PENDING,
PRED_2026-06-13_삼성_SSG,2026-06-13,삼성,SSG,홈승,0.5347,0.4653,v3-dynamic,2026-06-13 20:21:04,,PENDING,
PRED_2026-06-13_키움_한화,2026-06-13,키움,한화,홈승,0.543,0.457,v3-dynamic,2026-06-13 20:21:04,,PENDING,
PRED_2026-06-14_KIA_두산,2026-06-14,KIA,두산,홈승,0.5455,0.4545,v3-dynamic,2026-06-14 20:24:28,,PENDING,
PRED_2026-06-14_KT_NC,2026-06-14,KT,NC,원정승,0.4904,0.5096,v3-dynamic,2026-06-14 20:24:28,,PENDING,
PRED_2026-06-14_LG_롯데,2026-06-14,LG,롯데,홈승,0.52,0.48,v3-dynamic,2026-06-14 20:24:28,,PENDING,
PRED_2026-06-14_삼성_SSG,2026-06-14,삼성,SSG,홈승,0.5391,0.4609,v3-dynamic,2026-06-14 20:24:28,,PENDING,
PRED_2026-06-14_키움_한화,2026-06-14,키움,한화,홈승,0.5384,0.4616,v3-dynamic,2026-06-14 20:24:28,,PENDING,
PRED_2026-06-16_KIA_LG,2026-06-16,KIA,LG,홈승,0.6038,0.3962,v3-dynamic,2026-06-16 21:48:25,,PENDING,
PRED_2026-06-16_NC_한화,2026-06-16,NC,한화,홈승,0.508,0.492,v3-dynamic,2026-06-16 21:48:25,,PENDING,
PRED_2026-06-16_SSG_롯데,2026-06-16,SSG,롯데,원정승,0.4474,0.5526,v3-dynamic,2026-06-16 21:48:25,,PENDING,
PRED_2026-06-16_두산_KT,2026-06-16,두산,KT,홈승,0.5478,0.4522,v3-dynamic,2026-06-16 21:48:25,,PENDING,
PRED_2026-06-16_삼성_키움,2026-06-16,삼성,키움,원정승,0.4989,0.5011,v3-dynamic,2026-06-16 21:48:25,,PENDING,
PRED_2026-06-17_KIA_LG,2026-06-17,KIA,LG,홈승,0.5715,0.4285,v3-dynamic,2026-06-17 21:09:43,,PENDING,
PRED_2026-06-17_NC_한화,2026-06-17,NC,한화,홈승,0.513,0.487,v3-dynamic,2026-06-17 21:09:43,,PENDING,
PRED_2026-06-17_SSG_롯데,2026-06-17,SSG,롯데,원정승,0.4418,0.5582,v3-dynamic,2026-06-17 21:09:43,,PENDING,
PRED_2026-06-17_두산_KT,2026-06-17,두산,KT,홈승,0.5406,0.4594,v3-dynamic,2026-06-17 21:09:43,,PENDING,
PRED_2026-06-17_삼성_키움,2026-06-17,삼성,키움,홈승,0.5152,0.4848,v3-dynamic,2026-06-17 21:09:43,,PENDING,
PRED_2026-06-18_KIA_LG,2026-06-18,KIA,LG,홈승,0.5596,0.4404,v3-dynamic,2026-06-18 21:26:41,,PENDING,
PRED_2026-06-18_NC_한화,2026-06-18,NC,한화,홈승,0.5024,0.4976,v3-dynamic,2026-06-18 21:26:41,,PENDING,
PRED_2026-06-18_SSG_롯데,2026-06-18,SSG,롯데,원정승,0.4521,0.5479,v3-dynamic,2026-06-18 21:26:41,,PENDING,
PRED_2026-06-18_두산_KT,2026-06-18,두산,KT,홈승,0.5412,0.4588,v3-dynamic,2026-06-18 21:26:41,,PENDING,
PRED_2026-06-18_삼성_키움,2026-06-18,삼성,키움,원정승,0.4962,0.5038,v3-dynamic,2026-06-18 21:26:41,,PENDING,
PRED_2026-06-19_KT_KIA,2026-06-19,KT,KIA,홈승,0.5227,0.4773,v3-dynamic,2026-06-19 20:34:01,,PENDING,
PRED_2026-06-19_LG_두산,2026-06-19,LG,두산,홈승,0.5063,0.4937,v3-dynamic,2026-06-19 20:34:01,,PENDING,
PRED_2026-06-19_NC_SSG,2026-06-19,NC,SSG,홈승,0.5598,0.4402,v3-dynamic,2026-06-19 20:34:01,,PENDING,
PRED_2026-06-19_키움_롯데,2026-06-19,키움,롯데,홈승,0.5633,0.4367,v3-dynamic,2026-06-19 20:34:01,,PENDING,
PRED_2026-06-19_한화_삼성,2026-06-19,한화,삼성,홈승,0.5299,0.4701,v3-dynamic,2026-06-19 20:34:01,,PENDING,
PRED_2026-06-20_KT_KIA,2026-06-20,KT,KIA,원정승,0.4995,0.5005,v3-dynamic,2026-06-20 20:21:52,,PENDING,
PRED_2026-06-20_LG_두산,2026-06-20,LG,두산,홈승,0.5048,0.4952,v3-dynamic,2026-06-20 20:21:52,,PENDING,
PRED_2026-06-20_NC_SSG,2026-06-20,NC,SSG,홈승,0.5286,0.4714,v3-dynamic,2026-06-20 20:21:52,,PENDING,
PRED_2026-06-20_키움_롯데,2026-06-20,키움,롯데,홈승,0.5731,0.4269,v3-dynamic,2026-06-20 20:21:52,,PENDING,
PRED_2026-06-20_한화_삼성,2026-06-20,한화,삼성,홈승,0.5416,0.4584,v3-dynamic,2026-06-20 20:21:52,,PENDING,
PRED_2026-06-21_KT_KIA,2026-06-21,KT,KIA,홈승,0.535,0.465,v3-dynamic,2026-06-21 20:30:38,,PENDING,
PRED_2026-06-21_LG_두산,2026-06-21,LG,두산,홈승,0.5038,0.4962,v3-dynamic,2026-06-21 20:30:38,,PENDING,
PRED_2026-06-21_NC_SSG,2026-06-21,NC,SSG,홈승,0.5595,0.4405,v3-dynamic,2026-06-21 20:30:38,,PENDING,
PRED_2026-06-21_키움_롯데,2026-06-21,키움,롯데,홈승,0.5337,0.4663,v3-dynamic,2026-06-21 20:30:38,,PENDING,
PRED_2026-06-21_한화_삼성,2026-06-21,한화,삼성,홈승,0.5437,0.4563,v3-dynamic,2026-06-21 20:30:38,,PENDING,
PRED_2026-06-23_KT_SSG,2026-06-23,KT,SSG,홈승,0.5686,0.4314,v3-dynamic,2026-06-23 21:08:54,,PENDING,
PRED_2026-06-23_LG_삼성,2026-06-23,LG,삼성,홈승,0.5622,0.4378,v3-dynamic,2026-06-23 21:08:54,,PENDING,
PRED_2026-06-23_롯데_NC,2026-06-23,롯데,NC,원정승,0.4716,0.5284,v3-dynamic,2026-06-23 21:08:54,,PENDING,
PRED_2026-06-23_키움_KIA,2026-06-23,키움,KIA,원정승,0.4851,0.5149,v3-dynamic,2026-06-23 21:08:54,,PENDING,
PRED_2026-06-23_한화_두산,2026-06-23,한화,두산,홈승,0.5401,0.4599,v3-dynamic,2026-06-23 21:08:54,,PENDING,
PRED_2026-06-24_KT_SSG,2026-06-24,KT,SSG,홈승,0.5762,0.4238,v3-dynamic,2026-06-24 20:38:11,,PENDING,
PRED_2026-06-24_LG_삼성,2026-06-24,LG,삼성,홈승,0.5628,0.4372,v3-dynamic,2026-06-24 20:38:11,,PENDING,
PRED_2026-06-24_롯데_NC,2026-06-24,롯데,NC,원정승,0.4678,0.5322,v3-dynamic,2026-06-24 20:38:11,,PENDING,
PRED_2026-06-24_키움_KIA,2026-06-24,키움,KIA,홈승,0.5086,0.4914,v3-dynamic,2026-06-24 20:38:11,,PENDING,
PRED_2026-06-24_한화_두산,2026-06-24,한화,두산,홈승,0.5215,0.4785,v3-dynamic,2026-06-24 20:38:11,,PENDING,
PRED_2026-06-25_KT_SSG,2026-06-25,KT,SSG,홈승,0.579,0.421,v3-dynamic,2026-06-25 21:01:58,,PENDING,
PRED_2026-06-25_LG_삼성,2026-06-25,LG,삼성,홈승,0.5049,0.4951,v3-dynamic,2026-06-25 21:01:58,,PENDING,
PRED_2026-06-25_롯데_NC,2026-06-25,롯데,NC,원정승,0.4429,0.5571,v3-dynamic,2026-06-25 21:01:58,,PENDING,
PRED_2026-06-25_키움_KIA,2026-06-25,키움,KIA,원정승,0.4915,0.5085,v3-dynamic,2026-06-25 21:01:58,,PENDING,
PRED_2026-06-25_한화_두산,2026-06-25,한화,두산,홈승,0.5288,0.4712,v3-dynamic,2026-06-25 21:01:58,,PENDING,
PRED_2026-06-26_NC_키움,2026-06-26,NC,키움,원정승,0.4817,0.5183,v3-dynamic,2026-06-26 20:36:56,,PENDING,
PRED_2026-06-26_SSG_한화,2026-06-26,SSG,한화,원정승,0.4559,0.5441,v3-dynamic,2026-06-26 20:36:56,,PENDING,
PRED_2026-06-26_두산_KIA,2026-06-26,두산,KIA,홈승,0.5114,0.4886,v3-dynamic,2026-06-26 20:36:56,,PENDING,
PRED_2026-06-26_롯데_LG,2026-06-26,롯데,LG,홈승,0.5004,0.4996,v3-dynamic,2026-06-26 20:36:56,,PENDING,
PRED_2026-06-26_삼성_KT,2026-06-26,삼성,KT,홈승,0.581,0.419,v3-dynamic,2026-06-26 20:36:56,,PENDING,
PRED_2026-06-27_NC_키움,2026-06-27,NC,키움,원정승,0.469,0.531,v3-dynamic,2026-06-27 20:13:03,,PENDING,
PRED_2026-06-27_SSG_한화,2026-06-27,SSG,한화,원정승,0.4837,0.5163,v3-dynamic,2026-06-27 20:13:03,,PENDING,
PRED_2026-06-27_두산_KIA,2026-06-27,두산,KIA,홈승,0.5099,0.4901,v3-dynamic,2026-06-27 20:13:03,,PENDING,
PRED_2026-06-27_롯데_LG,2026-06-27,롯데,LG,원정승,0.4915,0.5085,v3-dynamic,2026-06-27 20:13:03,,PENDING,
PRED_2026-06-27_삼성_KT,2026-06-27,삼성,KT,홈승,0.567,0.433,v3-dynamic,2026-06-27 20:13:03,,PENDING,
PRED_2026-06-28_NC_키움,2026-06-28,NC,키움,홈승,0.5016,0.4984,v3-dynamic,2026-06-28 20:15:53,,PENDING,
PRED_2026-06-28_SSG_한화,2026-06-28,SSG,한화,원정승,0.4865,0.5135,v3-dynamic,2026-06-28 20:15:53,,PENDING,
PRED_2026-06-28_두산_KIA,2026-06-28,두산,KIA,홈승,0.5032,0.4968,v3-dynamic,2026-06-28 20:15:53,,PENDING,
PRED_2026-06-28_롯데_LG,2026-06-28,롯데,LG,홈승,0.5033,0.4967,v3-dynamic,2026-06-28 20:15:53,,PENDING,
PRED_2026-06-28_삼성_KT,2026-06-28,삼성,KT,홈승,0.562,0.438,v3-dynamic,2026-06-28 20:15:53,,PENDING,
PRED_2026-06-30_KIA_SSG,2026-06-30,KIA,SSG,홈승,0.5628,0.4372,v3-dynamic,2026-06-30 21:01:29,,PENDING,
PRED_2026-06-30_NC_삼성,2026-06-30,NC,삼성,홈승,0.5215,0.4785,v3-dynamic,2026-06-30 21:01:29,,PENDING,
PRED_2026-06-30_두산_롯데,2026-06-30,두산,롯데,홈승,0.5359,0.4641,v3-dynamic,2026-06-30 21:01:29,,PENDING,
PRED_2026-06-30_키움_LG,2026-06-30,키움,LG,홈승,0.5535,0.4465,v3-dynamic,2026-06-30 21:01:29,,PENDING,
PRED_2026-06-30_한화_KT,2026-06-30,한화,KT,홈승,0.5789,0.4211,v3-dynamic,2026-06-30 21:01:29,,PENDING,
PRED_2026-07-01_KIA_SSG,2026-07-01,KIA,SSG,홈승,0.5525,0.4475,v3-dynamic,2026-07-01 20:56:24,,PENDING,
PRED_2026-07-01_NC_삼성,2026-07-01,NC,삼성,홈승,0.5121,0.4879,v3-dynamic,2026-07-01 20:56:24,,PENDING,
PRED_2026-07-01_두산_롯데,2026-07-01,두산,롯데,홈승,0.5425,0.4575,v3-dynamic,2026-07-01 20:56:24,,PENDING,
PRED_2026-07-01_키움_LG,2026-07-01,키움,LG,홈승,0.538,0.462,v3-dynamic,2026-07-01 20:56:24,,PENDING,
PRED_2026-07-01_한화_KT,2026-07-01,한화,KT,홈승,0.5816,0.4184,v3-dynamic,2026-07-01 20:56:24,,PENDING,
PRED_2026-07-02_KIA_SSG,2026-07-02,KIA,SSG,홈승,0.5668,0.4332,v3-dynamic,2026-07-02 20:25:52,,PENDING,
PRED_2026-07-02_NC_삼성,2026-07-02,NC,삼성,홈승,0.5187,0.4813,v3-dynamic,2026-07-02 20:25:52,,PENDING,
PRED_2026-07-02_두산_롯데,2026-07-02,두산,롯데,홈승,0.5457,0.4543,v3-dynamic,2026-07-02 20:25:52,,PENDING,
PRED_2026-07-02_키움_LG,2026-07-02,키움,LG,홈승,0.5518,0.4482,v3-dynamic,2026-07-02 20:25:52,,PENDING,
PRED_2026-07-02_한화_KT,2026-07-02,한화,KT,홈승,0.5851,0.4149,v3-dynamic,2026-07-02 20:25:52,,PENDING,
PRED_2026-07-03_KIA_NC,2026-07-03,KIA,NC,홈승,0.5544,0.4456,v3-dynamic,2026-07-03 20:20:12,,PENDING,
PRED_2026-07-03_KT_롯데,2026-07-03,KT,롯데,원정승,0.4911,0.5089,v3-dynamic,2026-07-03 20:20:12,,PENDING,
PRED_2026-07-03_LG_한화,2026-07-03,LG,한화,원정승,0.4892,0.5108,v3-dynamic,2026-07-03 20:20:12,,PENDING,
PRED_2026-07-03_SSG_삼성,2026-07-03,SSG,삼성,원정승,0.4282,0.5718,v3-dynamic,2026-07-03 20:20:12,,PENDING,
PRED_2026-07-03_키움_두산,2026-07-03,키움,두산,홈승,0.5308,0.4692,v3-dynamic,2026-07-03 20:20:12,,PENDING,
PRED_2026-07-04_KIA_NC,2026-07-04,KIA,NC,홈승,0.5548,0.4452,v3-dynamic,2026-07-04 20:15:17,,PENDING,
PRED_2026-07-04_KT_롯데,2026-07-04,KT,롯데,원정승,0.4926,0.5074,v3-dynamic,2026-07-04 20:15:17,,PENDING,
PRED_2026-07-04_LG_한화,2026-07-04,LG,한화,홈승,0.5161,0.4839,v3-dynamic,2026-07-04 20:15:17,,PENDING,
PRED_2026-07-04_SSG_삼성,2026-07-04,SSG,삼성,원정승,0.4216,0.5784,v3-dynamic,2026-07-04 20:15:17,,PENDING,
PRED_2026-07-04_키움_두산,2026-07-04,키움,두산,홈승,0.5372,0.4628,v3-dynamic,2026-07-04 20:15:17,,PENDING,
PRED_2026-07-05_KIA_NC,2026-07-05,KIA,NC,홈승,0.5571,0.4429,v3-dynamic,2026-07-05 20:16:43,,PENDING,
PRED_2026-07-05_KT_롯데,2026-07-05,KT,롯데,원정승,0.4901,0.5099,v3-dynamic,2026-07-05 20:16:43,,PENDING,
PRED_2026-07-05_LG_한화,2026-07-05,LG,한화,홈승,0.5199,0.4801,v3-dynamic,2026-07-05 20:16:43,,PENDING,
PRED_2026-07-05_SSG_삼성,2026-07-05,SSG,삼성,원정승,0.4383,0.5617,v3-dynamic,2026-07-05 20:16:43,,PENDING,
PRED_2026-07-05_키움_두산,2026-07-05,키움,두산,홈승,0.5605,0.4395,v3-dynamic,2026-07-05 20:16:43,,PENDING,
PRED_2026-07-07_KT_키움,2026-07-07,KT,키움,원정승,0.4441,0.5559,v3-dynamic,2026-07-07 20:55:56,,PENDING,
PRED_2026-07-07_두산_SSG,2026-07-07,두산,SSG,홈승,0.5811,0.4189,v3-dynamic,2026-07-07 20:55:56,,PENDING,
PRED_2026-07-07_롯데_KIA,2026-07-07,롯데,KIA,원정승,0.4615,0.5385,v3-dynamic,2026-07-07 20:55:56,,PENDING,
PRED_2026-07-07_삼성_LG,2026-07-07,삼성,LG,홈승,0.5926,0.4074,v3-dynamic,2026-07-07 20:55:56,,PENDING,
PRED_2026-07-07_한화_NC,2026-07-07,한화,NC,홈승,0.5492,0.4508,v3-dynamic,2026-07-07 20:55:56,,PENDING,
PRED_2026-07-08_KT_키움,2026-07-08,KT,키움,원정승,0.4276,0.5724,v3-dynamic,2026-07-08 20:27:13,,PENDING,
PRED_2026-07-08_두산_SSG,2026-07-08,두산,SSG,홈승,0.6264,0.3736,v3-dynamic,2026-07-08 20:27:13,,PENDING,
PRED_2026-07-08_롯데_KIA,2026-07-08,롯데,KIA,원정승,0.4797,0.5203,v3-dynamic,2026-07-08 20:27:13,,PENDING,
PRED_2026-07-08_삼성_LG,2026-07-08,삼성,LG,홈승,0.5648,0.4352,v3-dynamic,2026-07-08 20:27:13,,PENDING,
PRED_2026-07-08_한화_NC,2026-07-08,한화,NC,홈승,0.5416,0.4584,v3-dynamic,2026-07-08 20:27:13,,PENDING,
PRED_2026-07-09_KT_키움,2026-07-09,KT,키움,원정승,0.4144,0.5856,v3-dynamic,2026-07-09 20:52:41,,PENDING,
PRED_2026-07-09_두산_SSG,2026-07-09,두산,SSG,홈승,0.6165,0.3835,v3-dynamic,2026-07-09 20:52:41,,PENDING,
PRED_2026-07-09_롯데_KIA,2026-07-09,롯데,KIA,원정승,0.4711,0.5289,v3-dynamic,2026-07-09 20:52:41,,PENDING,
PRED_2026-07-09_삼성_LG,2026-07-09,삼성,LG,홈승,0.5728,0.4272,v3-dynamic,2026-07-09 20:52:41,,PENDING,
PRED_2026-07-09_한화_NC,2026-07-09,한화,NC,홈승,0.5431,0.4569,v3-dynamic,2026-07-09 20:52:41,,PENDING,
PRED_2026-07-16_LG_KT,2026-07-16,LG,KT,홈승,0.5344,0.4656,v3-dynamic,2026-07-16 20:06:54,,PENDING,
PRED_2026-07-16_NC_두산,2026-07-16,NC,두산,홈승,0.514,0.486,v3-dynamic,2026-07-16 20:06:54,,PENDING,
PRED_2026-07-16_SSG_KIA,2026-07-16,SSG,KIA,원정승,0.422,0.578,v3-dynamic,2026-07-16 20:06:54,,PENDING,
PRED_2026-07-16_삼성_롯데,2026-07-16,삼성,롯데,홈승,0.5404,0.4596,v3-dynamic,2026-07-16 20:06:54,,PENDING,
PRED_2026-07-16_한화_키움,2026-07-16,한화,키움,홈승,0.511,0.489,v3-dynamic,2026-07-16 20:06:54,,PENDING,
PRED_2026-07-17_LG_KT,2026-07-17,LG,KT,홈승,0.5332,0.4668,v3-dynamic,2026-07-17 20:09:04,,PENDING,
PRED_2026-07-17_NC_두산,2026-07-17,NC,두산,홈승,0.5188,0.4812,v3-dynamic,2026-07-17 20:09:04,,PENDING,
PRED_2026-07-17_SSG_KIA,2026-07-17,SSG,KIA,원정승,0.4582,0.5418,v3-dynamic,2026-07-17 20:09:04,,PENDING,
PRED_2026-07-17_삼성_롯데,2026-07-17,삼성,롯데,홈승,0.5318,0.4682,v3-dynamic,2026-07-17 20:09:04,,PENDING,
PRED_2026-07-17_한화_키움,2026-07-17,한화,키움,홈승,0.5027,0.4973,v3-dynamic,2026-07-17 20:09:04,,PENDING,
PRED_2026-07-18_LG_KT,2026-07-18,LG,KT,홈승,0.5369,0.4631,v3-dynamic,2026-07-18 20:09:11,,PENDING,
PRED_2026-07-18_NC_두산,2026-07-18,NC,두산,원정승,0.4968,0.5032,v3-dynamic,2026-07-18 20:09:11,,PENDING,
PRED_2026-07-18_SSG_KIA,2026-07-18,SSG,KIA,원정승,0.4233,0.5767,v3-dynamic,2026-07-18 20:09:11,,PENDING,
PRED_2026-07-18_삼성_롯데,2026-07-18,삼성,롯데,홈승,0.5235,0.4765,v3-dynamic,2026-07-18 20:09:11,,PENDING,
PRED_2026-07-18_한화_키움,2026-07-18,한화,키움,홈승,0.5074,0.4926,v3-dynamic,2026-07-18 20:09:11,,PENDING,
PRED_2026-07-19_LG_KT,2026-07-19,LG,KT,홈승,0.5335,0.4665,v3-dynamic,2026-07-19 20:12:45,,PENDING,
PRED_2026-07-19_NC_두산,2026-07-19,NC,두산,홈승,0.5068,0.4932,v3-dynamic,2026-07-19 20:12:45,,PENDING,
PRED_2026-07-19_SSG_KIA,2026-07-19,SSG,KIA,원정승,0.4295,0.5705,v3-dynamic,2026-07-19 20:12:45,,PENDING,
PRED_2026-07-19_삼성_롯데,2026-07-19,삼성,롯데,원정승,0.4932,0.5068,v3-dynamic,2026-07-19 20:12:45,,PENDING,
PRED_2026-07-19_한화_키움,2026-07-19,한화,키움,홈승,0.5089,0.4911,v3-dynamic,2026-07-19 20:12:45,,PENDING,
PRED_2026-07-21_KIA_한화,2026-07-21,KIA,한화,홈승,0.5416,0.4584,v3-dynamic,2026-07-21 20:24:10,,PENDING,
PRED_2026-07-21_KT_두산,2026-07-21,KT,두산,홈승,0.5068,0.4932,v3-dynamic,2026-07-21 20:24:10,,PENDING,
PRED_2026-07-21_LG_NC,2026-07-21,LG,NC,원정승,0.4545,0.5455,v3-dynamic,2026-07-21 20:24:10,,PENDING,
PRED_2026-07-21_롯데_SSG,2026-07-21,롯데,SSG,홈승,0.5427,0.4573,v3-dynamic,2026-07-21 20:24:10,,PENDING,
PRED_2026-07-21_키움_삼성,2026-07-21,키움,삼성,홈승,0.5551,0.4449,v3-dynamic,2026-07-21 20:24:10,,PENDING,
PRED_2026-07-22_KIA_한화,2026-07-22,KIA,한화,홈승,0.537,0.463,v3-dynamic,2026-07-22 20:17:20,,PENDING,
PRED_2026-07-22_KT_두산,2026-07-22,KT,두산,홈승,0.5001,0.4999,v3-dynamic,2026-07-22 20:17:20,,PENDING,
PRED_2026-07-22_LG_NC,2026-07-22,LG,NC,원정승,0.4537,0.5463,v3-dynamic,2026-07-22 20:17:20,,PENDING,
PRED_2026-07-22_롯데_SSG,2026-07-22,롯데,SSG,홈승,0.5396,0.4604,v3-dynamic,2026-07-22 20:17:20,,PENDING,
PRED_2026-07-22_키움_삼성,2026-07-22,키움,삼성,홈승,0.5705,0.4295,v3-dynamic,2026-07-22 20:17:20,,PENDING,
PRED_2026-07-23_KIA_한화,2026-07-23,KIA,한화,홈승,0.5758,0.4242,v3-dynamic,2026-07-23 20:18:46,,PENDING,
PRED_2026-07-23_KT_두산,2026-07-23,KT,두산,홈승,0.5001,0.4999,v3-dynamic,2026-07-23 20:18:46,,PENDING,
PRED_2026-07-23_LG_NC,2026-07-23,LG,NC,원정승,0.4526,0.5474,v3-dynamic,2026-07-23 20:18:46,,PENDING,
PRED_2026-07-23_롯데_SSG,2026-07-23,롯데,SSG,홈승,0.5199,0.4801,v3-dynamic,2026-07-23 20:18:46,,PENDING,
PRED_2026-07-23_키움_삼성,2026-07-23,키움,삼성,홈승,0.5571,0.4429,v3-dynamic,2026-07-23 20:18:46,,PENDING,
PRED_2026-07-24_KIA_키움,2026-07-24,KIA,키움,홈승,0.5069,0.4931,v3-dynamic,2026-07-24 20:20:05,,PENDING,
PRED_2026-07-24_SSG_NC,2026-07-24,SSG,NC,원정승,0.4446,0.5554,v3-dynamic,2026-07-24 20:20:05,,PENDING,
PRED_2026-07-24_두산_삼성,2026-07-24,두산,삼성,홈승,0.5167,0.4833,v3-dynamic,2026-07-24 20:20:05,,PENDING,
PRED_2026-07-24_롯데_KT,2026-07-24,롯데,KT,홈승,0.5036,0.4964,v3-dynamic,2026-07-24 20:20:05,,PENDING,
PRED_2026-07-24_한화_LG,2026-07-24,한화,LG,홈승,0.5498,0.4502,v3-dynamic,2026-07-24 20:20:05,,PENDING,
PRED_2026-07-25_KIA_키움,2026-07-25,KIA,키움,홈승,0.5248,0.4752,v3-dynamic,2026-07-25 20:16:44,,PENDING,
PRED_2026-07-25_SSG_NC,2026-07-25,SSG,NC,원정승,0.4487,0.5513,v3-dynamic,2026-07-25 20:16:44,,PENDING,
PRED_2026-07-25_두산_삼성,2026-07-25,두산,삼성,홈승,0.5322,0.4678,v3-dynamic,2026-07-25 20:16:44,,PENDING,
PRED_2026-07-25_롯데_KT,2026-07-25,롯데,KT,홈승,0.5165,0.4835,v3-dynamic,2026-07-25 20:16:44,,PENDING,
PRED_2026-07-25_한화_LG,2026-07-25,한화,LG,홈승,0.5516,0.4484,v3-dynamic,2026-07-25 20:16:44,,PENDING,
PRED_2026-07-26_KIA_키움,2026-07-26,KIA,키움,홈승,0.5308,0.4692,v3-dynamic,2026-07-26 20:14:59,,PENDING,
PRED_2026-07-26_SSG_NC,2026-07-26,SSG,NC,원정승,0.4479,0.5521,v3-dynamic,2026-07-26 20:14:59,,PENDING,
PRED_2026-07-26_두산_삼성,2026-07-26,두산,삼성,홈승,0.5451,0.4549,v3-dynamic,2026-07-26 20:14:59,,PENDING,
PRED_2026-07-26_롯데_KT,2026-07-26,롯데,KT,홈승,0.5202,0.4798,v3-dynamic,2026-07-26 20:14:59,,PENDING,
PRED_2026-07-26_한화_LG,2026-07-26,한화,LG,홈승,0.5827,0.4173,v3-dynamic,2026-07-26 20:14:59,,PENDING,
PRED_2026-07-28_LG_키움,2026-07-28,LG,키움,원정승,0.4423,0.5577,v3-dynamic,2026-07-28 20:21:38,,PENDING,
PRED_2026-07-28_NC_KT,2026-07-28,NC,KT,홈승,0.5093,0.4907,v3-dynamic,2026-07-28 20:21:38,,PENDING,
PRED_2026-07-28_SSG_두산,2026-07-28,SSG,두산,원정승,0.4553,0.5447,v3-dynamic,2026-07-28 20:21:38,,PENDING,
PRED_2026-07-28_삼성_KIA,2026-07-28,삼성,KIA,홈승,0.5087,0.4913,v3-dynamic,2026-07-28 20:21:38,,PENDING,
PRED_2026-07-28_한화_롯데,2026-07-28,한화,롯데,홈승,0.5563,0.4437,v3-dynamic,2026-07-28 20:21:38,,PENDING,
PRED_2026-07-29_LG_키움,2026-07-29,LG,키움,원정승,0.4599,0.5401,v3-dynamic,2026-07-29 20:18:43,,PENDING,
PRED_2026-07-29_NC_KT,2026-07-29,NC,KT,원정승,0.4797,0.5203,v3-dynamic,2026-07-29 20:18:43,,PENDING,
PRED_2026-07-29_SSG_두산,2026-07-29,SSG,두산,원정승,0.4705,0.5295,v3-dynamic,2026-07-29 20:18:43,,PENDING,
PRED_2026-07-29_삼성_KIA,2026-07-29,삼성,KIA,홈승,0.5104,0.4896,v3-dynamic,2026-07-29 20:18:43,,PENDING,
PRED_2026-07-29_한화_롯데,2026-07-29,한화,롯데,홈승,0.5572,0.4428,v3-dynamic,2026-07-29 20:18:43,,PENDING,
PRED_2026-07-30_LG_키움,2026-07-30,LG,키움,원정승,0.443,0.557,v3-dynamic,2026-07-30 20:21:48,,PENDING,
PRED_2026-07-30_NC_KT,2026-07-30,NC,KT,원정승,0.4587,0.5413,v3-dynamic,2026-07-30 20:21:48,,PENDING,
PRED_2026-07-30_SSG_두산,2026-07-30,SSG,두산,원정승,0.4599,0.5401,v3-dynamic,2026-07-30 20:21:48,,PENDING,
PRED_2026-07-30_삼성_KIA,2026-07-30,삼성,KIA,원정승,0.4992,0.5008,v3-dynamic,2026-07-30 20:21:48,,PENDING,
PRED_2026-07-30_한화_롯데,2026-07-30,한화,롯데,홈승,0.561,0.439,v3-dynamic,2026-07-30 20:21:48,,PENDING,
PRED_2026-07-31_KT_한화,2026-07-31,KT,한화,홈승,0.5602,0.4398,v3-dynamic,2026-07-31 20:25:25,,PENDING,
PRED_2026-07-31_NC_KIA,2026-07-31,NC,KIA,원정승,0.4231,0.5769,v3-dynamic,2026-07-31 20:25:25,,PENDING,
PRED_2026-07-31_두산_LG,2026-07-31,두산,LG,홈승,0.5896,0.4104,v3-dynamic,2026-07-31 20:25:25,,PENDING,
PRED_2026-07-31_롯데_삼성,2026-07-31,롯데,삼성,원정승,0.4584,0.5416,v3-dynamic,2026-07-31 20:25:25,,PENDING,
PRED_2026-07-31_키움_SSG,2026-07-31,키움,SSG,홈승,0.5553,0.4447,v3-dynamic,2026-07-31 20:25:25,,PENDING,
PRED_2026-08-01_KT_한화,2026-08-01,KT,한화,홈승,0.5512,0.4488,v3-dynamic,2026-08-01 20:16:23,,PENDING,
PRED_2026-08-01_NC_KIA,2026-08-01,NC,KIA,원정승,0.471,0.529,v3-dynamic,2026-08-01 20:16:23,,PENDING,
PRED_2026-08-01_두산_LG,2026-08-01,두산,LG,홈승,0.5802,0.4198,v3-dynamic,2026-08-01 20:16:23,,PENDING,
PRED_2026-08-01_롯데_삼성,2026-08-01,롯데,삼성,원정승,0.4619,0.5381,v3-dynamic,2026-08-01 20:16:23,,PENDING,
PRED_2026-08-01_키움_SSG,2026-08-01,키움,SSG,홈승,0.5415,0.4585,v3-dynamic,2026-08-01 20:16:23,,PENDING,
PRED_2026-08-02_KT_한화,2026-08-02,KT,한화,홈승,0.5235,0.4765,v3-dynamic,2026-08-02 20:16:17,,PENDING,
PRED_2026-08-02_NC_KIA,2026-08-02,NC,KIA,원정승,0.471,0.529,v3-dynamic,2026-08-02 20:16:17,,PENDING,
PRED_2026-08-02_두산_LG,2026-08-02,두산,LG,홈승,0.582,0.418,v3-dynamic,2026-08-02 20:16:17,,PENDING,
PRED_2026-08-02_롯데_삼성,2026-08-02,롯데,삼성,원정승,0.4594,0.5406,v3-dynamic,2026-08-02 20:16:17,,PENDING,
PRED_2026-08-02_키움_SSG,2026-08-02,키움,SSG,홈승,0.5598,0.4402,v3-dynamic,2026-08-02 20:16:17,,PENDING,
PRED_2026-08-04_KIA_KT,2026-08-04,KIA,KT,홈승,0.5899,0.4101,v3-dynamic,2026-08-04 20:28:57,,PENDING,
PRED_2026-08-04_SSG_LG,2026-08-04,SSG,LG,원정승,0.4652,0.5348,v3-dynamic,2026-08-04 20:28:57,,PENDING,
PRED_2026-08-04_두산_NC,2026-08-04,두산,NC,홈승,0.5407,0.4593,v3-dynamic,2026-08-04 20:28:57,,PENDING,
PRED_2026-08-04_롯데_키움,2026-08-04,롯데,키움,홈승,0.5215,0.4785,v3-dynamic,2026-08-04 20:28:57,,PENDING,
PRED_2026-08-04_삼성_한화,2026-08-04,삼성,한화,홈승,0.516,0.484,v3-dynamic,2026-08-04 20:28:57,,PENDING,
PRED_2026-08-05_KIA_KT,2026-08-05,KIA,KT,홈승,0.5899,0.4101,v3-dynamic,2026-08-05 20:31:58,,PENDING,
PRED_2026-08-05_SSG_LG,2026-08-05,SSG,LG,원정승,0.4612,0.5388,v3-dynamic,2026-08-05 20:31:58,,PENDING,
PRED_2026-08-05_두산_NC,2026-08-05,두산,NC,홈승,0.5407,0.4593,v3-dynamic,2026-08-05 20:31:58,,PENDING,
PRED_2026-08-05_롯데_키움,2026-08-05,롯데,키움,홈승,0.5282,0.4718,v3-dynamic,2026-08-05 20:31:58,,PENDING,
PRED_2026-08-05_삼성_한화,2026-08-05,삼성,한화,홈승,0.5274,0.4726,v3-dynamic,2026-08-05 20:31:58,,PENDING,
PRED_2026-08-07_KT_롯데,2026-08-07,KT,롯데,홈승,0.5283,0.4717,v3-dynamic,2026-08-07 19:54:12,,PENDING,
PRED_2026-08-07_LG_KIA,2026-08-07,LG,KIA,원정승,0.4537,0.5463,v3-dynamic,2026-08-07 19:54:12,,PENDING,
PRED_2026-08-07_NC_SSG,2026-08-07,NC,SSG,홈승,0.5178,0.4822,v3-dynamic,2026-08-07 19:54:12,,PENDING,
PRED_2026-08-07_삼성_두산,2026-08-07,삼성,두산,원정승,0.4658,0.5342,v3-dynamic,2026-08-07 19:54:12,,PENDING,
PRED_2026-08-07_한화_키움,2026-08-07,한화,키움,홈승,0.5055,0.4945,v3-dynamic,2026-08-07 19:54:12,,PENDING,
PRED_2026-08-08_KT_롯데,2026-08-08,KT,롯데,홈승,0.5217,0.4783,v3-dynamic,2026-08-08 19:32:19,,PENDING,
PRED_2026-08-08_LG_KIA,2026-08-08,LG,KIA,원정승,0.4461,0.5539,v3-dynamic,2026-08-08 19:32:19,,PENDING,
PRED_2026-08-08_NC_SSG,2026-08-08,NC,SSG,홈승,0.5154,0.4846,v3-dynamic,2026-08-08 19:32:19,,PENDING,
PRED_2026-08-08_삼성_두산,2026-08-08,삼성,두산,원정승,0.4607,0.5393,v3-dynamic,2026-08-08 19:32:19,,PENDING,
PRED_2026-08-08_한화_키움,2026-08-08,한화,키움,홈승,0.5119,0.4881,v3-dynamic,2026-08-08 19:32:19,,PENDING,
PRED_2026-08-09_KT_롯데,2026-08-09,KT,롯데,홈승,0.5217,0.4783,v3-dynamic,2026-08-09 19:35:40,,PENDING,
PRED_2026-08-09_LG_KIA,2026-08-09,LG,KIA,원정승,0.4461,0.5539,v3-dynamic,2026-08-09 19:35:40,,PENDING,
PRED_2026-08-09_NC_SSG,2026-08-09,NC,SSG,홈승,0.5154,0.4846,v3-dynamic,2026-08-09 19:35:40,,PENDING,
PRED_2026-08-09_삼성_두산,2026-08-09,삼성,두산,원정승,0.4607,0.5393,v3-dynamic,2026-08-09 19:35:40,,PENDING,
PRED_2026-08-09_한화_키움,2026-08-09,한화,키움,홈승,0.5119,0.4881,v3-dynamic,2026-08-09 19:35:40,,PENDING,
PRED_2026-08-11_KIA_삼성,2026-08-11,KIA,삼성,홈승,0.5327,0.4673,v3-dynamic,2026-08-11 20:05:48,,PENDING,
PRED_2026-08-11_NC_KT,2026-08-11,NC,KT,원정승,0.4907,0.5093,v3-dynamic,2026-08-11 20:05:48,,PENDING,
PRED_2026-08-11_SSG_롯데,2026-08-11,SSG,롯데,원정승,0.4872,0.5128,v3-dynamic,2026-08-11 20:05:48,,PENDING,
PRED_2026-08-11_두산_한화,2026-08-11,두산,한화,홈승,0.5708,0.4292,v3-dynamic,2026-08-11 20:05:48,,PENDING,
PRED_2026-08-11_키움_LG,2026-08-11,키움,LG,홈승,0.5512,0.4488,v3-dynamic,2026-08-11 20:05:48,,PENDING,
PRED_2026-08-12_KIA_삼성,2026-08-12,KIA,삼성,홈승,0.529,0.471,v3-dynamic,2026-08-12 20:07:32,,PENDING,
PRED_2026-08-12_NC_KT,2026-08-12,NC,KT,홈승,0.5039,0.4961,v3-dynamic,2026-08-12 20:07:32,,PENDING,
PRED_2026-08-12_SSG_롯데,2026-08-12,SSG,롯데,원정승,0.4743,0.5257,v3-dynamic,2026-08-12 20:07:32,,PENDING,
PRED_2026-08-12_두산_한화,2026-08-12,두산,한화,홈승,0.5703,0.4297,v3-dynamic,2026-08-12 20:07:32,,PENDING,
PRED_2026-08-12_키움_LG,2026-08-12,키움,LG,홈승,0.5551,0.4449,v3-dynamic,2026-08-12 20:07:32,,PENDING,
PRED_2026-08-13_KIA_삼성,2026-08-13,KIA,삼성,홈승,0.5474,0.4526,v3-dynamic,2026-08-13 20:02:09,,PENDING,
PRED_2026-08-13_NC_KT,2026-08-13,NC,KT,원정승,0.4876,0.5124,v3-dynamic,2026-08-13 20:02:09,,PENDING,
PRED_2026-08-13_SSG_롯데,2026-08-13,SSG,롯데,원정승,0.4758,0.5242,v3-dynamic,2026-08-13 20:02:09,,PENDING,
PRED_2026-08-13_두산_한화,2026-08-13,두산,한화,홈승,0.5843,0.4157,v3-dynamic,2026-08-13 20:02:09,,PENDING,
PRED_2026-08-13_키움_LG,2026-08-13,키움,LG,홈승,0.5451,0.4549,v3-dynamic,2026-08-13 20:02:09,,PENDING,
PRED_2026-08-14_KIA_두산,2026-08-14,KIA,두산,홈승,0.5172,0.4828,v3-dynamic,2026-08-14 19:52:17,,PENDING,
PRED_2026-08-14_KT_키움,2026-08-14,KT,키움,홈승,0.5328,0.4672,v3-dynamic,2026-08-14 19:52:17,,PENDING,
PRED_2026-08-14_LG_SSG,2026-08-14,LG,SSG,원정승,0.4898,0.5102,v3-dynamic,2026-08-14 19:52:17,,PENDING,
PRED_2026-08-14_롯데_NC,2026-08-14,롯데,NC,원정승,0.4944,0.5056,v3-dynamic,2026-08-14 19:52:17,,PENDING,
PRED_2026-08-14_삼성_한화,2026-08-14,삼성,한화,홈승,0.5105,0.4895,v3-dynamic,2026-08-14 19:52:17,,PENDING,
PRED_2026-08-15_KIA_두산,2026-08-15,KIA,두산,홈승,0.5303,0.4697,v3-dynamic,2026-08-15 19:25:07,,PENDING,
PRED_2026-08-15_KT_키움,2026-08-15,KT,키움,홈승,0.5343,0.4657,v3-dynamic,2026-08-15 19:25:07,,PENDING,
PRED_2026-08-15_LG_SSG,2026-08-15,LG,SSG,원정승,0.4995,0.5005,v3-dynamic,2026-08-15 19:25:07,,PENDING,
PRED_2026-08-15_롯데_NC,2026-08-15,롯데,NC,원정승,0.4851,0.5149,v3-dynamic,2026-08-15 19:25:07,,PENDING,
PRED_2026-08-15_삼성_한화,2026-08-15,삼성,한화,원정승,0.4752,0.5248,v3-dynamic,2026-08-15 19:25:07,,PENDING,
PRED_2026-08-16_KIA_두산,2026-08-16,KIA,두산,홈승,0.5192,0.4808,v3-dynamic,2026-08-16 19:24:48,,PENDING,
PRED_2026-08-16_KT_키움,2026-08-16,KT,키움,홈승,0.5178,0.4822,v3-dynamic,2026-08-16 19:24:48,,PENDING,
PRED_2026-08-16_LG_SSG,2026-08-16,LG,SSG,원정승,0.4961,0.5039,v3-dynamic,2026-08-16 19:24:48,,PENDING,
PRED_2026-08-16_롯데_NC,2026-08-16,롯데,NC,원정승,0.486,0.514,v3-dynamic,2026-08-16 19:24:48,,PENDING,
PRED_2026-08-16_삼성_한화,2026-08-16,삼성,한화,원정승,0.4586,0.5414,v3-dynamic,2026-08-16 19:24:48,,PENDING,
PRED_2026-08-18_LG_KT,2026-08-18,LG,KT,홈승,0.5129,0.4871,v3-dynamic,2026-08-18 19:31:52,,PENDING,
PRED_2026-08-18_NC_두산,2026-08-18,NC,두산,원정승,0.444,0.556,v3-dynamic,2026-08-18 19:31:52,,PENDING,
PRED_2026-08-18_롯데_키움,2026-08-18,롯데,키움,홈승,0.5111,0.4889,v3-dynamic,2026-08-18 19:31:52,,PENDING,
PRED_2026-08-18_삼성_SSG,2026-08-18,삼성,SSG,홈승,0.5279,0.4721,v3-dynamic,2026-08-18 19:31:52,,PENDING,
PRED_2026-08-18_한화_KIA,2026-08-18,한화,KIA,원정승,0.4951,0.5049,v3-dynamic,2026-08-18 19:31:52,,PENDING,
PRED_2026-08-19_LG_KT,2026-08-19,LG,KT,홈승,0.5015,0.4985,v3-dynamic,2026-08-19 19:31:46,,PENDING,
PRED_2026-08-19_NC_두산,2026-08-19,NC,두산,원정승,0.4488,0.5512,v3-dynamic,2026-08-19 19:31:46,,PENDING,
PRED_2026-08-19_롯데_키움,2026-08-19,롯데,키움,홈승,0.5277,0.4723,v3-dynamic,2026-08-19 19:31:46,,PENDING,
PRED_2026-08-19_삼성_SSG,2026-08-19,삼성,SSG,홈승,0.5392,0.4608,v3-dynamic,2026-08-19 19:31:46,,PENDING,
PRED_2026-08-19_한화_KIA,2026-08-19,한화,KIA,원정승,0.4981,0.5019,v3-dynamic,2026-08-19 19:31:46,,PENDING,
PRED_2026-08-20_LG_KT,2026-08-20,LG,KT,원정승,0.4955,0.5045,v3-dynamic,2026-08-20 19:34:11,,PENDING,
PRED_2026-08-20_NC_두산,2026-08-20,NC,두산,원정승,0.4536,0.5464,v3-dynamic,2026-08-20 19:34:11,,PENDING,
PRED_2026-08-20_롯데_키움,2026-08-20,롯데,키움,홈승,0.5361,0.4639,v3-dynamic,2026-08-20 19:34:11,,PENDING,
PRED_2026-08-20_삼성_SSG,2026-08-20,삼성,SSG,홈승,0.5499,0.4501,v3-dynamic,2026-08-20 19:34:11,,PENDING,
PRED_2026-08-20_한화_KIA,2026-08-20,한화,KIA,원정승,0.4818,0.5182,v3-dynamic,2026-08-20 19:34:11,,PENDING,
PRED_2026-08-21_NC_삼성,2026-08-21,NC,삼성,원정승,0.4727,0.5273,v3-dynamic,2026-08-21 19:29:52,,PENDING,
PRED_2026-08-21_SSG_KT,2026-08-21,SSG,KT,홈승,0.5034,0.4966,v3-dynamic,2026-08-21 19:29:52,,PENDING,
PRED_2026-08-21_두산_롯데,2026-08-21,두산,롯데,홈승,0.542,0.458,v3-dynamic,2026-08-21 19:29:52,,PENDING,
PRED_2026-08-21_키움_KIA,2026-08-21,키움,KIA,원정승,0.4901,0.5099,v3-dynamic,2026-08-21 19:29:52,,PENDING,
PRED_2026-08-21_한화_LG,2026-08-21,한화,LG,홈승,0.5613,0.4387,v3-dynamic,2026-08-21 19:29:52,,PENDING,
PRED_2026-08-22_NC_삼성,2026-08-22,NC,삼성,원정승,0.4793,0.5207,v3-dynamic,2026-08-22 19:26:34,,PENDING,
PRED_2026-08-22_SSG_KT,2026-08-22,SSG,KT,원정승,0.4954,0.5046,v3-dynamic,2026-08-22 19:26:34,,PENDING,
PRED_2026-08-22_두산_롯데,2026-08-22,두산,롯데,홈승,0.5625,0.4375,v3-dynamic,2026-08-22 19:26:34,,PENDING,
PRED_2026-08-22_키움_KIA,2026-08-22,키움,KIA,원정승,0.4551,0.5449,v3-dynamic,2026-08-22 19:26:34,,PENDING,
PRED_2026-08-22_한화_LG,2026-08-22,한화,LG,홈승,0.5844,0.4156,v3-dynamic,2026-08-22 19:26:34,,PENDING,
