team,team_ops,top5_ops,hr_power,hitter_depth,team_era,ace_era,starter_era,bullpen_era,pitcher_depth
KIA,0.7809,0.9008,167,23,4.32,3.03,3.943,4.752,18
KT,0.7826,0.8832,117,20,4.067,3.23,4.028,4.101,20
LG,0.7614,0.8552,133,15,4.775,3.86,4.422,5.058,28
NC,0.7486,0.8282,123,22,4.818,2.69,4.236,5.409,28
SSG,0.745,0.8348,141,21,5.012,1.44,4.848,5.133,23
두산,0.7339,0.8134,114,20,3.841,2.24,3.577,4.19,23
롯데,0.732,0.8354,108,23,4.805,4.28,4.505,5.241,28
삼성,0.7879,0.888,138,21,4.193,3.27,4.369,4.033,21
키움,0.6849,0.7958,123,29,5.319,3.54,4.556,5.951,31
한화,0.7811,0.8626,175,20,5.208,3.88,4.345,5.856,27
