순위,선수명,팀명,AVG,G,PA,AB,R,H,2B,3B,HR,TB,RBI,SAC,SF,BB,IBB,HBP,SO,GDP,SLG,OBP,OPS,MH,RISP,PH-BA
1,박상준,KIA,0.321,17,63,53,9,17,3,0,2,26,6,0,0,10,0,0,16,0,0.491,0.429,0.920,5,0.188,0.000
2,한준수,KIA,0.319,60,202,160,22,51,13,0,5,79,21,4,2,32,2,4,26,7,0.494,0.439,0.933,14,0.324,0.333
3,주효상,KIA,0.300,5,11,10,1,3,0,0,0,3,1,0,0,1,0,0,2,0,0.300,0.364,0.664,0,0.500,0.000
4,나성범,KIA,0.291,68,275,237,40,69,15,0,13,123,39,0,2,31,0,5,73,4,0.519,0.382,0.901,20,0.326,0.000
5,김호령,KIA,0.288,71,302,271,40,78,16,1,10,126,37,5,4,19,1,3,79,3,0.465,0.337,0.802,31,0.237,0.000
6,카스트로,KIA,0.283,27,112,106,18,30,9,0,3,48,22,0,2,4,0,0,24,4,0.453,0.304,0.757,9,0.276,0.000
7,박재현,KIA,0.278,68,268,248,36,69,8,1,8,103,33,6,0,14,0,0,54,2,0.415,0.317,0.732,18,0.339,0.000
8,김도영,KIA,0.275,72,311,262,53,72,12,1,20,146,58,0,2,42,6,5,49,6,0.557,0.383,0.940,16,0.358,0.000
9,박정우,KIA,0.273,52,40,33,11,9,0,0,0,9,4,1,0,5,0,1,6,0,0.273,0.385,0.658,1,0.333,0.667
10,아데를린,KIA,0.264,32,130,121,17,32,5,0,10,67,31,0,1,7,0,1,25,4,0.554,0.308,0.862,8,0.355,0.000
11,김선빈,KIA,0.264,70,277,235,27,62,13,0,1,78,23,1,1,37,1,3,28,4,0.332,0.370,0.702,18,0.262,0.400
12,데일,KIA,0.256,34,135,117,20,30,4,0,1,37,6,4,1,13,1,0,14,4,0.316,0.328,0.644,6,0.174,0.500
13,김태군,KIA,0.253,39,102,91,9,23,4,0,2,33,7,2,1,6,0,2,15,5,0.363,0.310,0.673,6,0.143,0.000
14,김민규,KIA,0.250,23,29,28,10,7,3,0,0,10,3,0,0,1,0,0,10,0,0.357,0.276,0.633,2,0.167,0.250
15,김규성,KIA,0.248,65,128,109,16,27,4,2,0,35,21,4,3,12,0,0,22,2,0.321,0.315,0.636,3,0.333,0.250
16,한승연,KIA,0.241,19,36,29,8,7,1,0,1,11,2,0,0,5,0,2,11,0,0.379,0.389,0.768,1,0.125,0.167
17,오선우,KIA,0.241,20,61,54,6,13,4,0,3,26,6,0,0,7,0,0,16,0,0.481,0.328,0.809,1,0.125,0.400
18,박민,KIA,0.222,62,155,135,15,30,4,0,3,43,17,5,0,13,0,2,23,6,0.319,0.300,0.619,7,0.333,0.000
18,변우혁,KIA,0.222,11,28,27,2,6,1,0,2,13,3,0,0,1,0,0,9,1,0.481,0.250,0.731,1,0.000,0.000
20,윤도현,KIA,0.171,16,43,41,2,7,0,0,0,7,3,1,0,1,0,0,15,1,0.171,0.190,0.361,0,0.133,0.200
21,정현창,KIA,0.158,60,43,38,6,6,1,1,0,9,6,0,1,2,0,2,17,2,0.237,0.233,0.470,1,0.105,0.000
22,고종욱,KIA,0.143,19,26,21,0,3,0,0,0,3,4,0,1,3,0,1,5,1,0.143,0.269,0.412,0,0.222,0.214
23,이호연,KIA,0.125,6,19,16,0,2,0,0,0,2,0,0,0,2,0,1,7,2,0.125,0.263,0.388,0,0.000,0.000
24,김범수,KIA,-,1,0,0,0,0,0,0,0,0,0,0,0,0,0,0,0,0,-,-,-,0,0.000,0.000
24,성영탁,KIA,-,2,0,0,0,0,0,0,0,0,0,0,0,0,0,0,0,0,-,-,-,0,0.000,0.000
24,이창진,KIA,0.000,1,2,2,0,0,0,0,0,0,0,0,0,0,0,0,1,1,0.000,0.000,0.000,0,0.000,0.000
24,이형범,KIA,-,1,0,0,0,0,0,0,0,0,0,0,0,0,0,0,0,0,-,-,-,0,0.000,0.000
24,홍민규,KIA,-,1,0,0,0,0,0,0,0,0,0,0,0,0,0,0,0,0,-,-,-,0,0.000,0.000
24,황대인,KIA,0.000,3,4,4,0,0,0,0,0,0,0,0,0,0,0,0,1,0,0.000,0.000,0.000,0,0.000,0.000
1,최원준,KT,0.379,69,330,280,62,106,20,2,6,148,38,3,3,39,0,5,47,2,0.529,0.459,0.988,31,0.308,0.000
2,안현민,KT,0.357,20,89,70,16,25,4,1,3,40,15,0,0,16,0,3,19,2,0.571,0.494,1.065,6,0.391,1.000
3,이정훈,KT,0.340,48,61,50,5,17,0,0,1,20,13,0,0,10,0,1,6,0,0.400,0.459,0.859,2,0.444,0.393
4,김민혁,KT,0.326,49,204,184,25,60,5,0,1,68,19,4,0,13,0,3,32,4,0.370,0.380,0.750,15,0.293,0.000
5,권동진,KT,0.313,57,122,99,26,31,8,2,1,46,19,4,0,17,0,2,27,0,0.465,0.424,0.889,6,0.313,0.333
6,허경민,KT,0.311,41,152,132,26,41,7,0,3,57,23,1,1,12,0,6,10,7,0.432,0.391,0.823,11,0.286,0.000
7,유준규,KT,0.300,30,49,40,12,12,1,2,0,17,10,3,0,6,0,0,13,0,0.425,0.391,0.816,2,0.583,0.500
8,김현수,KT,0.289,69,314,280,34,81,17,0,5,113,50,0,2,31,0,1,34,11,0.404,0.360,0.764,26,0.310,0.000
9,힐리어드,KT,0.288,70,312,274,52,79,12,3,16,145,54,0,4,34,1,0,88,2,0.529,0.362,0.891,22,0.256,0.000
10,김상수,KT,0.286,62,240,196,20,56,4,1,0,62,21,5,1,33,0,5,27,6,0.316,0.400,0.716,16,0.306,0.333
10,이재원,KT,0.286,6,7,7,1,2,0,1,1,7,2,0,0,0,0,0,1,0,1.000,0.286,1.286,0,0.000,0.500
12,오윤석,KT,0.281,51,126,114,20,32,6,0,0,38,14,1,1,10,1,0,27,5,0.333,0.336,0.669,6,0.400,0.333
13,류현인,KT,0.277,36,111,101,14,28,7,0,0,35,6,0,0,9,0,1,22,0,0.347,0.342,0.689,8,0.167,0.000
14,강민성,KT,0.250,9,4,4,0,1,0,0,0,1,1,0,0,0,0,0,0,0,0.250,0.250,0.500,0,0.333,0.000
15,한승택,KT,0.234,57,167,137,18,32,7,0,1,42,16,10,1,17,0,2,35,1,0.307,0.325,0.632,4,0.214,1.000
16,장성우,KT,0.205,52,201,161,28,33,10,0,8,67,35,0,1,37,3,2,49,8,0.416,0.358,0.774,8,0.266,0.143
17,조대현,KT,0.200,6,6,5,2,1,0,0,1,4,1,0,0,1,0,0,0,0,0.800,0.333,1.133,0,0.000,0.000
18,배정대,KT,0.195,54,84,77,13,15,5,0,0,20,7,1,0,4,0,2,23,2,0.260,0.253,0.513,3,0.227,0.222
19,이강민,KT,0.192,53,158,146,12,28,1,0,0,29,14,2,1,8,0,1,39,4,0.199,0.237,0.436,7,0.286,0.000
20,장준원,KT,0.170,39,57,47,2,8,1,0,2,15,7,5,0,5,0,0,14,1,0.319,0.250,0.569,1,0.125,0.000
21,강현우,KT,0.158,21,23,19,1,3,0,0,0,3,0,0,0,4,0,0,6,1,0.158,0.304,0.462,0,0.000,0.000
22,김민석,KT,0.000,1,2,1,0,0,0,0,0,0,0,0,0,1,0,0,0,0,0.000,0.500,0.500,0,0.000,0.000
22,김민수,KT,-,1,0,0,0,0,0,0,0,0,0,0,0,0,0,0,0,0,-,-,-,0,0.000,0.000
22,김정운,KT,-,1,0,0,0,0,0,0,0,0,0,0,0,0,0,0,0,0,-,-,-,0,0.000,0.000
22,박영현,KT,-,5,0,0,0,0,0,0,0,0,0,0,0,0,0,0,0,0,-,-,-,0,0.000,0.000
22,안인산,KT,0.000,1,1,1,0,0,0,0,0,0,0,0,0,0,0,0,1,0,0.000,0.000,0.000,0,0.000,0.000
22,안치영,KT,0.000,8,4,3,1,0,0,0,0,0,1,0,0,1,0,0,2,0,0.000,0.250,0.250,0,0.000,0.000
22,오서진,KT,0.000,3,1,1,0,0,0,0,0,0,0,0,0,0,0,0,0,1,0.000,0.000,0.000,0,0.000,0.000
22,우규민,KT,-,2,0,0,0,0,0,0,0,0,0,0,0,0,0,0,0,0,-,-,-,0,0.000,0.000
22,장진혁,KT,0.000,12,5,5,2,0,0,0,0,0,0,0,0,0,0,0,3,0,0.000,0.000,0.000,0,0.000,0.000
22,전용주,KT,-,1,0,0,0,0,0,0,0,0,0,0,0,0,0,0,0,0,-,-,-,0,0.000,0.000
22,정준영,KT,-,1,0,0,0,0,0,0,0,0,0,0,0,0,0,0,0,0,-,-,-,0,0.000,0.000
22,주권,KT,-,3,0,0,0,0,0,0,0,0,0,0,0,0,0,0,0,0,-,-,-,0,0.000,0.000
1,오스틴,LG,0.345,71,319,278,58,96,15,3,21,180,65,0,3,34,3,4,47,6,0.647,0.420,1.067,24,0.395,0.000
2,문성주,LG,0.321,41,149,131,10,42,8,0,0,50,15,2,2,12,2,2,17,3,0.382,0.381,0.763,11,0.314,0.333
3,송찬의,LG,0.310,49,168,142,34,44,13,1,8,83,30,0,0,18,0,8,39,6,0.585,0.417,1.002,11,0.286,1.000
4,천성호,LG,0.284,63,193,176,28,50,12,1,1,67,21,2,0,12,1,3,28,6,0.381,0.340,0.721,14,0.208,0.375
5,박해민,LG,0.280,71,277,232,38,65,8,0,2,79,31,9,6,22,0,8,37,1,0.341,0.354,0.695,15,0.339,0.000
6,구본혁,LG,0.280,69,194,168,18,47,3,0,0,50,15,8,1,15,0,2,25,3,0.298,0.344,0.642,11,0.280,0.667
7,문정빈,LG,0.278,22,62,54,10,15,3,1,5,35,14,0,1,7,0,0,18,0,0.648,0.355,1.003,4,0.231,0.333
8,문보경,LG,0.276,45,196,156,20,43,4,0,6,65,32,0,3,36,2,1,35,5,0.417,0.408,0.825,12,0.373,0.000
9,오지환,LG,0.262,67,240,206,29,54,9,0,6,81,38,6,3,22,0,3,42,4,0.393,0.338,0.731,12,0.310,0.000
10,홍창기,LG,0.242,64,278,223,41,54,8,1,0,64,20,2,2,45,0,6,64,6,0.287,0.380,0.667,12,0.277,0.000
11,박동원,LG,0.236,64,223,178,29,42,9,0,8,75,31,5,2,35,2,3,53,8,0.421,0.367,0.788,8,0.200,0.000
12,신민재,LG,0.230,70,247,209,24,48,2,0,0,50,14,5,2,29,0,2,31,5,0.239,0.326,0.565,10,0.241,0.000
13,이주헌,LG,0.213,36,66,61,8,13,1,0,3,23,9,1,1,2,0,1,19,1,0.377,0.246,0.623,3,0.278,0.000
14,이재원,LG,0.203,30,68,59,4,12,3,0,2,21,8,0,1,5,0,3,25,0,0.356,0.294,0.650,2,0.125,0.250
15,이영빈,LG,0.200,39,56,50,6,10,1,0,1,14,8,0,1,5,0,0,17,0,0.280,0.268,0.548,1,0.250,0.000
16,김현종,LG,0.167,18,12,12,2,2,0,0,0,2,0,0,0,0,0,0,4,0,0.167,0.167,0.334,0,0.000,0.000
17,최원영,LG,0.143,25,15,14,7,2,1,0,0,3,1,1,0,0,0,0,3,1,0.214,0.143,0.357,0,0.200,0.000
18,강민균,LG,0.000,3,2,2,0,0,0,0,0,0,0,0,0,0,0,0,0,0,0.000,0.000,0.000,0,0.000,0.000
18,김민수,LG,0.000,2,3,3,0,0,0,0,0,0,0,0,0,0,0,0,0,0,0.000,0.000,0.000,0,0.000,0.000
18,김성진,LG,0.000,4,6,5,0,0,0,0,0,0,0,0,0,1,0,0,3,0,0.000,0.167,0.167,0,0.000,0.000
18,김영우,LG,-,2,0,0,0,0,0,0,0,0,0,0,0,0,0,0,0,0,-,-,-,0,0.000,0.000
18,김주성,LG,0.000,1,2,2,0,0,0,0,0,0,0,0,0,0,0,0,0,0,0.000,0.000,0.000,0,0.000,0.000
18,박시원,LG,0.000,2,1,1,0,0,0,0,0,0,0,0,0,0,0,0,1,0,0.000,0.000,0.000,0,0.000,0.000
18,손용준,LG,0.000,2,1,1,0,0,0,0,0,0,0,0,0,0,0,0,0,0,0.000,0.000,0.000,0,0.000,0.000
18,손주영,LG,-,2,0,0,0,0,0,0,0,0,0,0,0,0,0,0,0,0,-,-,-,0,0.000,0.000
18,우강훈,LG,-,1,0,0,0,0,0,0,0,0,0,0,0,0,0,0,0,0,-,-,-,0,0.000,0.000
18,장현식,LG,-,1,0,0,0,0,0,0,0,0,0,0,0,0,0,0,0,0,-,-,-,0,0.000,0.000
1,오장한,NC,0.462,8,26,26,2,12,2,0,1,17,5,0,0,0,0,0,7,0,0.654,0.462,1.116,4,0.375,0.500
2,이우성,NC,0.345,65,249,235,23,81,15,0,4,108,28,1,0,12,0,1,40,10,0.460,0.379,0.839,26,0.323,0.000
3,박민우,NC,0.336,66,276,229,42,77,17,0,4,106,41,1,2,38,2,6,31,7,0.463,0.440,0.903,21,0.469,0.500
4,김주원,NC,0.317,69,310,268,45,85,13,0,12,134,34,1,3,25,2,13,39,0,0.500,0.398,0.898,27,0.274,0.000
5,박건우,NC,0.298,66,264,225,33,67,8,0,13,114,41,0,7,31,4,1,52,4,0.507,0.375,0.882,18,0.213,0.000
6,한석현,NC,0.289,54,129,114,14,33,3,0,2,42,17,5,1,7,0,2,22,2,0.368,0.339,0.707,7,0.294,0.200
7,김휘집,NC,0.288,16,61,52,4,15,2,0,0,17,11,0,0,4,0,5,10,1,0.327,0.393,0.720,5,0.400,0.000
8,천재환,NC,0.286,39,88,77,16,22,5,1,3,38,10,2,1,6,0,2,14,0,0.494,0.349,0.843,7,0.235,0.667
9,데이비슨,NC,0.271,59,235,207,22,56,10,1,8,92,34,0,2,11,0,15,55,4,0.444,0.349,0.793,13,0.300,0.500
10,최정원,NC,0.270,59,131,111,23,30,3,0,0,33,6,6,0,9,0,5,23,1,0.297,0.352,0.649,8,0.207,0.500
11,권희동,NC,0.259,34,100,85,17,22,4,0,2,32,13,1,0,13,0,1,19,1,0.376,0.364,0.740,5,0.333,0.222
12,김한별,NC,0.256,42,96,78,19,20,6,0,0,26,7,2,0,12,0,4,17,5,0.333,0.383,0.716,3,0.261,0.000
13,윤준혁,NC,0.250,3,4,4,1,1,1,0,0,2,0,0,0,0,0,0,0,0,0.500,0.250,0.750,0,0.000,0.000
13,허윤,NC,0.250,16,5,4,4,1,0,0,0,1,1,0,0,1,0,0,2,0,0.250,0.400,0.650,0,0.500,0.000
15,안중열,NC,0.246,34,81,69,12,17,5,0,1,25,9,2,1,7,0,2,18,5,0.362,0.329,0.691,3,0.188,0.400
16,박시원,NC,0.238,30,73,63,15,15,4,0,1,22,7,2,1,7,0,0,18,0,0.349,0.310,0.659,5,0.222,0.333
17,김형준,NC,0.235,60,188,162,17,38,4,0,4,54,27,2,2,18,0,4,61,8,0.333,0.323,0.656,8,0.300,0.000
18,서호철,NC,0.233,44,135,116,18,27,4,0,2,37,14,5,0,14,0,0,27,3,0.319,0.315,0.634,7,0.241,0.500
19,오영수,NC,0.217,26,54,46,5,10,0,0,2,16,3,0,0,6,0,2,15,2,0.348,0.333,0.681,2,0.071,0.091
20,고준휘,NC,0.174,13,27,23,2,4,1,0,1,8,5,0,0,2,0,2,5,1,0.348,0.296,0.644,1,0.111,0.000
21,도태훈,NC,0.159,48,78,63,7,10,3,0,0,13,7,0,0,9,0,6,16,2,0.206,0.321,0.527,1,0.158,0.250
22,신재인,NC,0.156,31,75,64,6,10,2,0,3,21,7,0,0,11,0,0,12,0,0.328,0.280,0.608,0,0.063,0.286
23,김정호,NC,0.125,9,8,8,0,1,0,0,0,1,0,0,0,0,0,0,4,0,0.125,0.125,0.250,0,0.000,0.000
24,신성호,NC,0.000,1,1,1,0,0,0,0,0,0,0,0,0,0,0,0,0,0,0.000,0.000,0.000,0,0.000,0.000
24,오태양,NC,0.000,11,15,12,1,0,0,0,0,0,1,0,1,2,0,0,6,0,0.000,0.133,0.133,0,0.000,0.000
24,한재환,NC,0.000,3,4,4,1,0,0,0,0,0,0,0,0,0,0,0,1,2,0.000,0.000,0.000,0,0.000,0.000
1,석정우,SSG,0.500,3,3,2,0,1,0,0,0,1,1,0,0,1,0,0,1,0,0.500,0.667,1.167,0,0.500,0.000
2,고명준,SSG,0.349,22,89,83,10,29,6,0,4,47,12,0,0,6,0,0,19,1,0.566,0.393,0.959,9,0.238,0.000
3,박성한,SSG,0.347,71,313,259,50,90,17,1,3,118,35,0,2,51,1,1,31,2,0.456,0.454,0.910,26,0.435,0.500
4,최준우,SSG,0.300,17,38,30,8,9,2,0,0,11,0,0,0,8,0,0,6,0,0.367,0.447,0.814,2,0.111,0.200
5,전의산,SSG,0.296,17,62,54,4,16,5,0,2,27,10,0,1,7,0,0,18,1,0.500,0.371,0.871,3,0.333,1.000
6,최정,SSG,0.294,57,246,204,35,60,13,1,17,126,45,0,5,31,5,6,55,4,0.618,0.394,1.012,13,0.241,0.000
7,채현우,SSG,0.293,39,44,41,9,12,3,0,1,18,7,0,2,1,0,0,12,0,0.439,0.295,0.734,1,0.455,0.667
8,홍대인,SSG,0.292,34,26,24,7,7,3,0,0,10,4,0,0,2,0,0,4,0,0.417,0.346,0.763,0,0.091,0.500
9,안상현,SSG,0.288,47,123,104,19,30,5,0,1,38,10,3,0,14,0,2,24,4,0.365,0.383,0.748,8,0.321,0.300
10,김성욱,SSG,0.286,43,94,77,15,22,3,0,2,31,10,0,1,14,0,2,20,0,0.403,0.404,0.807,6,0.294,0.250
11,정준재,SSG,0.278,68,273,230,37,64,8,5,1,85,26,11,4,25,0,3,35,4,0.370,0.351,0.721,18,0.382,0.500
12,에레디아,SSG,0.271,71,310,277,37,75,8,0,13,122,58,0,4,22,1,7,50,7,0.440,0.335,0.775,20,0.326,0.000
13,오태곤,SSG,0.244,63,188,172,26,42,6,0,9,75,27,0,2,12,0,2,56,6,0.436,0.298,0.734,8,0.286,0.125
14,이정범,SSG,0.231,6,13,13,0,3,1,0,0,4,0,0,0,0,0,0,4,0,0.308,0.231,0.539,0,0.000,0.000
15,최지훈,SSG,0.226,69,288,261,41,59,14,3,9,106,35,2,3,20,0,2,38,5,0.406,0.283,0.689,14,0.217,0.000
16,조형우,SSG,0.224,49,174,152,20,34,9,0,3,52,19,5,2,12,0,3,30,3,0.342,0.290,0.632,6,0.263,0.000
17,김재환,SSG,0.208,62,251,207,28,43,4,0,11,80,37,0,1,40,0,3,73,3,0.386,0.343,0.729,8,0.300,0.000
18,최윤석,SSG,0.200,6,12,10,1,2,1,0,0,3,0,0,0,1,0,1,2,2,0.300,0.333,0.633,0,0.000,0.000
19,류효승,SSG,0.176,7,18,17,1,3,0,0,1,6,1,0,0,1,0,0,3,0,0.353,0.222,0.575,0,0.000,0.000
20,이지영,SSG,0.172,32,68,58,7,10,3,0,0,13,4,3,1,6,0,0,6,2,0.224,0.246,0.470,0,0.154,0.500
21,한유섬,SSG,0.168,35,116,95,8,16,1,0,0,17,3,0,1,18,1,2,30,6,0.179,0.310,0.489,2,0.053,0.333
22,김민식,SSG,0.143,14,28,28,0,4,0,0,0,4,0,0,0,0,0,0,5,0,0.143,0.143,0.286,0,0.000,0.667
22,김민준,SSG,0.143,6,7,7,1,1,0,0,0,1,0,0,0,0,0,0,2,0,0.143,0.143,0.286,0,0.000,0.000
24,김정민,SSG,0.111,14,10,9,1,1,0,0,0,1,1,0,0,1,0,0,3,0,0.111,0.200,0.311,0,0.000,0.000
24,신범수,SSG,0.111,5,9,9,1,1,0,0,1,4,1,0,0,0,0,0,3,0,0.444,0.111,0.555,0,0.000,0.000
26,김창평,SSG,0.000,6,5,5,0,0,0,0,0,0,0,0,0,0,0,0,1,0,0.000,0.000,0.000,0,0.000,0.000
26,노경은,SSG,-,1,0,0,0,0,0,0,0,0,0,0,0,0,0,0,0,0,-,-,-,0,0.000,0.000
26,박시후,SSG,-,1,0,0,0,0,0,0,0,0,0,0,0,0,0,0,0,0,-,-,-,0,0.000,0.000
26,변건우,SSG,-,1,0,0,0,0,0,0,0,0,0,0,0,0,0,0,0,0,-,-,-,0,0.000,0.000
26,이기순,SSG,-,1,0,0,0,0,0,0,0,0,0,0,0,0,0,0,0,0,-,-,-,0,0.000,0.000
26,이로운,SSG,-,1,0,0,0,0,0,0,0,0,0,0,0,0,0,0,0,0,-,-,-,0,0.000,0.000
26,임근우,SSG,0.000,1,1,1,0,0,0,0,0,0,0,0,0,0,0,0,0,0,0.000,0.000,0.000,0,0.000,0.000
26,전영준,SSG,-,1,0,0,0,0,0,0,0,0,0,0,0,0,0,0,0,0,-,-,-,0,0.000,0.000
26,조병현,SSG,-,1,0,0,0,0,0,0,0,0,0,0,0,0,0,0,0,0,-,-,-,0,0.000,0.000
1,류현준,두산,0.500,1,2,2,1,1,0,0,0,1,0,0,0,0,0,0,0,0,0.500,0.500,1.000,0,0.000,0.000
2,류승민,두산,0.444,7,22,18,2,8,1,0,0,9,1,0,0,3,0,1,4,0,0.500,0.545,1.045,3,0.250,0.000
3,박준순,두산,0.316,39,167,155,18,49,7,3,6,80,27,0,0,9,0,3,32,4,0.516,0.365,0.881,15,0.367,0.000
4,조수행,두산,0.305,54,71,59,9,18,2,1,0,22,6,5,0,7,0,0,8,1,0.373,0.379,0.752,3,0.235,0.000
5,카메론,두산,0.294,72,305,272,38,80,19,3,9,132,43,0,2,28,0,3,52,9,0.485,0.364,0.849,23,0.250,1.000
6,김민석,두산,0.289,65,230,204,27,59,12,1,3,82,23,1,1,23,0,1,41,1,0.402,0.362,0.764,14,0.364,0.375
7,김인태,두산,0.281,33,39,32,4,9,2,0,1,14,3,0,0,4,0,3,12,1,0.438,0.410,0.848,0,0.100,0.250
8,정수빈,두산,0.277,70,273,235,39,65,6,4,5,94,26,6,0,29,0,3,39,2,0.400,0.363,0.763,18,0.296,0.500
9,박찬호,두산,0.275,72,310,269,48,74,16,2,3,103,26,5,3,31,1,2,42,6,0.383,0.351,0.734,20,0.242,0.500
10,오명진,두산,0.258,45,110,93,11,24,5,2,2,39,11,1,2,14,1,0,19,3,0.419,0.349,0.768,8,0.167,0.286
11,박지훈,두산,0.257,67,205,175,26,45,4,2,0,53,16,8,0,18,0,4,30,3,0.303,0.340,0.643,10,0.256,0.250
12,양의지,두산,0.255,69,273,231,23,59,7,0,11,99,39,0,7,22,0,13,32,7,0.429,0.344,0.773,15,0.207,0.333
13,손아섭,두산,0.254,35,131,118,11,30,2,0,1,35,12,0,3,10,0,0,23,1,0.297,0.305,0.602,8,0.257,0.000
14,윤준호,두산,0.250,50,92,76,8,19,2,0,2,27,9,5,2,8,0,1,24,2,0.355,0.322,0.677,3,0.333,1.000
15,이유찬,두산,0.227,49,102,88,12,20,2,1,1,27,14,1,3,7,0,3,29,0,0.307,0.297,0.604,3,0.167,0.000
16,안재석,두산,0.225,40,152,142,18,32,10,1,3,53,16,0,1,8,0,1,26,3,0.373,0.270,0.643,10,0.231,0.000
17,김기연,두산,0.216,22,41,37,5,8,1,0,0,9,6,1,1,1,0,1,5,2,0.243,0.250,0.493,2,0.333,0.000
18,강승호,두산,0.215,50,136,121,15,26,2,0,3,37,11,1,3,6,0,5,39,4,0.306,0.274,0.580,7,0.091,0.250
19,양석환,두산,0.200,31,113,100,6,20,4,0,1,27,7,0,5,8,1,0,33,2,0.270,0.248,0.518,5,0.000,0.000
20,임종성,두산,0.167,12,18,18,2,3,0,0,1,6,3,0,0,0,0,0,6,0,0.333,0.167,0.500,0,0.333,0.500
20,홍성호,두산,0.167,3,12,12,1,2,0,0,0,2,0,0,0,0,0,0,6,1,0.167,0.167,0.334,0,0.000,0.000
22,김대한,두산,0.000,1,1,1,0,0,0,0,0,0,0,0,0,0,0,0,1,0,0.000,0.000,0.000,0,0.000,0.000
22,김동주,두산,-,1,0,0,0,0,0,0,0,0,0,0,0,0,0,0,0,0,-,-,-,0,0.000,0.000
22,김정우,두산,-,1,0,0,0,0,0,0,0,0,0,0,0,0,0,0,0,0,-,-,-,0,0.000,0.000
22,박성재,두산,0.000,2,1,1,0,0,0,0,0,0,0,0,0,0,0,0,1,0,0.000,0.000,0.000,0,0.000,0.000
22,박신지,두산,-,1,0,0,0,0,0,0,0,0,0,0,0,0,0,0,0,0,-,-,-,0,0.000,0.000
22,박정수,두산,-,1,0,0,0,0,0,0,0,0,0,0,0,0,0,0,0,0,-,-,-,0,0.000,0.000
22,양재훈,두산,-,1,0,0,0,0,0,0,0,0,0,0,0,0,0,0,0,0,-,-,-,0,0.000,0.000
22,윤태호,두산,-,1,0,0,0,0,0,0,0,0,0,0,0,0,0,0,0,0,-,-,-,0,0.000,0.000
22,이영하,두산,-,1,0,0,0,0,0,0,0,0,0,0,0,0,0,0,0,0,-,-,-,0,0.000,0.000
22,최주형,두산,-,1,0,0,0,0,0,0,0,0,0,0,0,0,0,0,0,0,-,-,-,0,0.000,0.000
22,최지강,두산,-,1,0,0,0,0,0,0,0,0,0,0,0,0,0,0,0,0,-,-,-,0,0.000,0.000
1,박재엽,롯데,1.000,2,1,1,0,1,0,0,0,1,1,0,0,0,0,0,0,0,1.000,1.000,2.000,0,1.000,1.000
2,레이예스,롯데,0.348,70,312,279,32,97,16,1,10,145,52,0,3,28,6,2,36,3,0.520,0.407,0.927,28,0.406,0.000
3,황성빈,롯데,0.294,51,201,180,30,53,3,4,0,64,17,3,1,16,0,1,29,1,0.356,0.354,0.710,16,0.313,0.500
4,고승민,롯데,0.292,40,181,168,26,49,9,2,4,74,23,0,2,11,1,0,34,0,0.440,0.331,0.771,16,0.319,0.000
5,박승욱,롯데,0.287,53,99,94,9,27,5,0,1,35,16,0,0,4,0,1,27,1,0.372,0.323,0.695,6,0.367,0.500
6,전민재,롯데,0.276,67,244,221,24,61,8,0,8,93,38,2,3,16,0,2,46,5,0.421,0.326,0.747,17,0.271,0.000
7,한동희,롯데,0.273,35,143,132,15,36,7,0,4,55,14,0,1,8,0,2,31,7,0.417,0.322,0.739,10,0.176,0.000
8,장두성,롯데,0.272,62,159,147,21,40,4,1,0,46,13,2,1,7,0,2,36,0,0.313,0.312,0.625,12,0.375,0.250
9,김동현,롯데,0.259,11,32,27,6,7,1,1,2,16,6,0,0,4,0,1,7,1,0.593,0.375,0.968,3,0.600,0.000
10,박건우,롯데,0.250,3,4,4,0,1,0,0,0,1,0,0,0,0,0,0,1,1,0.250,0.250,0.500,0,0.000,0.000
11,나승엽,롯데,0.248,38,153,133,16,33,7,0,5,55,23,0,3,17,0,0,24,5,0.414,0.327,0.741,11,0.295,1.000
12,한태양,롯데,0.245,35,105,94,17,23,4,0,0,27,2,1,0,9,0,1,23,0,0.287,0.317,0.604,4,0.111,0.000
13,유강남,롯데,0.233,45,109,103,8,24,5,0,3,38,7,0,1,4,0,1,28,1,0.369,0.266,0.635,4,0.125,0.071
14,손성빈,롯데,0.227,66,174,154,17,35,6,0,2,47,13,3,1,14,0,2,31,2,0.305,0.298,0.603,5,0.195,0.000
15,전준우,롯데,0.225,52,193,178,12,40,6,0,2,52,13,0,2,13,0,0,29,4,0.292,0.275,0.567,9,0.178,0.500
16,손호영,롯데,0.222,47,141,126,19,28,8,0,4,48,15,0,2,10,0,3,26,3,0.381,0.291,0.672,5,0.133,0.250
16,신윤후,롯데,0.222,24,19,18,7,4,2,0,0,6,0,0,0,1,0,0,8,1,0.333,0.263,0.596,1,0.000,0.000
18,윤동희,롯데,0.218,35,137,119,16,26,9,0,3,44,9,0,0,15,2,3,34,3,0.370,0.321,0.691,7,0.294,0.000
19,노진혁,롯데,0.209,45,150,129,9,27,9,0,4,48,16,1,3,15,0,2,32,4,0.372,0.295,0.667,8,0.178,0.111
20,김동혁,롯데,0.200,11,7,5,4,1,0,0,0,1,0,0,0,2,0,0,1,0,0.200,0.429,0.629,0,0.000,0.000
20,정보근,롯데,0.200,8,5,5,0,1,0,0,0,1,0,0,0,0,0,0,3,0,0.200,0.200,0.400,0,0.000,0.000
22,최항,롯데,0.182,4,13,11,1,2,0,0,0,2,0,0,0,1,0,1,4,0,0.182,0.308,0.490,1,0.000,0.000
23,조세진,롯데,0.167,8,26,24,1,4,0,1,1,9,4,0,0,2,0,0,8,0,0.375,0.231,0.606,1,0.500,0.000
24,김세민,롯데,0.160,27,30,25,6,4,2,0,0,6,0,1,0,4,0,0,5,1,0.240,0.276,0.516,0,0.000,0.000
25,김민성,롯데,0.148,16,32,27,3,4,1,0,1,8,4,0,0,5,0,0,5,1,0.296,0.281,0.577,1,0.000,0.000
26,이호준,롯데,0.083,42,43,36,4,3,1,0,0,4,1,0,0,7,0,0,11,0,0.111,0.233,0.344,0,0.071,0.000
27,김원중,롯데,-,1,0,0,0,0,0,0,0,0,0,0,0,0,0,0,0,0,-,-,-,0,0.000,0.000
27,김한홀,롯데,-,4,0,0,0,0,0,0,0,0,0,0,0,0,0,0,0,0,-,-,-,0,0.000,0.000
27,로드리게스,롯데,-,1,0,0,0,0,0,0,0,0,0,0,0,0,0,0,0,0,-,-,-,0,0.000,0.000
27,윤성빈,롯데,-,1,0,0,0,0,0,0,0,0,0,0,0,0,0,0,0,0,-,-,-,0,0.000,0.000
27,이서준,롯데,0.000,4,3,3,0,0,0,0,0,0,0,0,0,0,0,0,1,0,0.000,0.000,0.000,0,0.000,0.000
27,이승헌,롯데,-,1,0,0,0,0,0,0,0,0,0,0,0,0,0,0,0,0,-,-,-,0,0.000,0.000
27,최준용,롯데,-,4,0,0,0,0,0,0,0,0,0,0,0,0,0,0,0,0,-,-,-,0,0.000,0.000
27,현도훈,롯데,-,1,0,0,0,0,0,0,0,0,0,0,0,0,0,0,0,0,-,-,-,0,0.000,0.000
1,이창용,삼성,0.500,2,2,2,0,1,0,0,0,1,0,0,0,0,0,0,1,0,0.500,0.500,1.000,0,0.000,0.500
2,구자욱,삼성,0.317,52,223,189,31,60,11,3,7,98,45,0,4,27,2,3,32,2,0.519,0.404,0.923,17,0.382,0.000
3,최형우,삼성,0.311,67,288,235,30,73,13,0,8,110,49,0,5,45,3,3,42,8,0.468,0.420,0.888,18,0.338,0.250
4,김도환,삼성,0.304,25,67,56,7,17,4,0,1,24,6,2,1,7,0,1,15,2,0.429,0.385,0.814,2,0.235,1.000
5,류지혁,삼성,0.298,67,261,225,30,67,12,3,4,97,33,2,1,28,1,5,39,4,0.431,0.386,0.817,21,0.304,0.000
6,김지찬,삼성,0.298,68,260,215,51,64,5,2,0,73,19,5,2,35,1,3,17,2,0.340,0.400,0.740,18,0.310,0.222
7,디아즈,삼성,0.292,70,314,277,40,81,12,0,13,132,57,0,3,33,1,1,46,9,0.477,0.366,0.843,23,0.302,0.000
8,박승규,삼성,0.289,55,215,180,37,52,7,4,9,94,30,0,1,31,1,3,32,4,0.522,0.400,0.922,10,0.241,0.125
9,김재상,삼성,0.286,8,16,14,1,4,0,0,0,4,1,1,0,1,0,0,4,0,0.286,0.333,0.619,1,0.286,0.000
10,김성윤,삼성,0.285,53,208,179,33,51,10,2,2,71,26,5,2,20,0,2,25,2,0.397,0.360,0.757,15,0.275,0.333
11,김헌곤,삼성,0.275,50,74,69,7,19,1,1,0,22,4,0,1,4,0,0,11,2,0.319,0.311,0.630,6,0.214,0.167
12,전병우,삼성,0.244,63,239,197,32,48,13,0,5,76,31,0,3,26,1,13,58,6,0.386,0.364,0.750,12,0.266,0.333
13,이재현,삼성,0.243,38,135,111,23,27,3,0,8,54,21,2,2,18,0,2,17,1,0.486,0.353,0.839,6,0.235,0.000
14,강민호,삼성,0.243,49,159,140,9,34,7,0,4,53,24,0,0,18,0,1,37,3,0.379,0.333,0.712,7,0.326,0.200
15,김상준,삼성,0.220,32,46,41,10,9,1,0,0,10,1,1,0,1,0,3,10,0,0.244,0.289,0.533,1,0.125,1.000
16,김태훈,삼성,0.200,2,6,5,0,1,1,0,0,2,0,0,0,1,0,0,1,1,0.400,0.333,0.733,0,0.000,0.000
17,양우현,삼성,0.191,42,82,68,10,13,4,0,1,20,5,1,1,11,0,1,18,0,0.294,0.309,0.603,2,0.125,0.400
18,박계범,삼성,0.182,23,35,33,6,6,0,0,1,9,2,0,0,2,0,0,13,2,0.273,0.229,0.502,2,0.077,0.000
19,박세혁,삼성,0.175,25,44,40,6,7,1,0,0,8,0,0,0,4,0,0,9,1,0.200,0.250,0.450,0,0.000,0.000
20,김영웅,삼성,0.171,10,43,41,2,7,2,0,0,9,3,0,0,2,0,0,14,0,0.220,0.209,0.429,2,0.167,0.000
21,김재혁,삼성,0.167,10,6,6,1,1,0,0,0,1,0,0,0,0,0,0,2,0,0.167,0.167,0.334,0,0.000,0.000
22,심재훈,삼성,0.125,9,8,8,1,1,0,0,0,1,0,0,0,0,0,0,1,0,0.125,0.125,0.250,0,0.000,0.000
22,장승현,삼성,0.125,31,21,16,1,2,0,0,0,2,0,2,0,2,0,1,6,3,0.125,0.263,0.388,0,0.000,0.000
22,홍현빈,삼성,0.125,9,8,8,1,1,0,0,0,1,1,0,0,0,0,0,3,1,0.125,0.125,0.250,0,0.250,0.000
25,이성규,삼성,0.111,12,17,9,6,1,0,0,0,1,0,2,0,6,0,0,6,0,0.111,0.467,0.578,0,0.000,0.000
26,이해승,삼성,0.071,19,16,14,1,1,0,0,0,1,1,1,0,1,0,0,6,0,0.071,0.133,0.204,0,0.000,0.000
27,함수호,삼성,0.063,11,18,16,0,1,0,0,0,1,2,0,0,2,0,0,5,0,0.063,0.167,0.230,0,0.167,0.200
28,김재윤,삼성,-,1,0,0,0,0,0,0,0,0,0,0,0,0,0,0,0,0,-,-,-,0,0.000,0.000
28,윤정빈,삼성,0.000,1,3,3,0,0,0,0,0,0,0,0,0,0,0,0,3,0,0.000,0.000,0.000,0,0.000,0.000
28,이승현,삼성,-,1,0,0,0,0,0,0,0,0,0,0,0,0,0,0,0,0,-,-,-,0,0.000,0.000
28,차승준,삼성,0.000,1,1,1,0,0,0,0,0,0,0,0,0,0,0,0,1,0,0.000,0.000,0.000,0,0.000,0.000
1,히우라,키움,0.288,20,90,80,8,23,2,0,4,37,17,0,0,9,0,1,31,2,0.463,0.367,0.830,6,0.455,0.000
2,안치홍,키움,0.284,63,266,236,25,67,11,0,4,90,24,0,0,28,2,2,37,8,0.381,0.365,0.746,15,0.271,0.500
3,추재현,키움,0.281,11,36,32,2,9,1,0,1,13,3,0,0,3,0,1,5,5,0.406,0.361,0.767,2,0.143,0.000
4,박찬혁,키움,0.279,31,97,86,5,24,2,0,0,26,3,2,0,6,0,3,25,3,0.302,0.347,0.649,6,0.217,0.000
5,서건창,키움,0.278,38,177,144,24,40,5,2,1,52,9,3,0,24,1,6,19,2,0.361,0.402,0.763,9,0.280,0.000
6,임병욱,키움,0.255,42,156,141,18,36,11,0,5,62,17,1,1,9,0,4,47,1,0.440,0.316,0.756,10,0.182,0.333
7,김웅빈,키움,0.252,35,130,115,9,29,3,0,3,41,9,0,0,13,0,2,33,0,0.357,0.338,0.695,9,0.152,0.167
8,이주형,키움,0.247,23,102,93,12,23,9,1,2,40,12,1,0,0,0,0,2,0,0.000,0.000,0.000,0,0.000,0.000
9,최주환,키움,0.244,68,255,221,19,54,9,1,3,74,28,3,2,28,1,1,35,7,0.335,0.329,0.664,14,0.271,0.400
10,김건희,키움,0.238,70,238,210,17,50,11,0,6,79,32,2,3,23,1,0,69,3,0.376,0.309,0.685,10,0.309,0.091
11,박주홍,키움,0.237,45,159,135,17,32,6,1,2,46,7,0,0,20,0,4,43,2,0.341,0.352,0.693,7,0.136,0.500
12,송지후,키움,0.233,13,35,30,3,7,1,0,0,8,0,1,0,3,0,1,8,0,0.267,0.324,0.591,2,0.000,0.000
13,김지석,키움,0.224,17,56,49,3,11,1,0,1,15,3,3,1,1,0,2,9,1,0.306,0.264,0.570,2,0.182,0.000
14,어준서,키움,0.222,19,70,63,5,14,0,0,0,14,2,1,1,3,0,2,18,0,0.222,0.275,0.497,3,0.083,0.500
15,브룩스,키움,0.217,41,161,143,11,31,6,0,0,37,16,0,3,14,0,1,24,1,0.259,0.286,0.545,6,0.364,0.500
16,박수종,키움,0.208,39,56,48,9,10,2,0,0,12,2,2,0,5,0,1,9,1,0.250,0.296,0.546,1,0.133,0.000
17,이형종,키움,0.207,43,137,116,16,24,5,0,3,38,13,1,0,17,0,3,38,3,0.328,0.324,0.652,4,0.188,0.444
18,권혁빈,키움,0.204,42,108,98,7,20,2,0,0,22,9,1,1,5,0,3,28,1,0.224,0.262,0.486,3,0.250,0.000
19,원성준,키움,0.200,8,24,20,2,4,0,0,0,4,2,1,0,3,0,0,5,0,0.200,0.304,0.504,1,0.333,0.000
20,임지열,키움,0.197,26,75,66,8,13,2,0,1,18,3,2,0,7,0,0,21,3,0.273,0.274,0.547,1,0.150,0.143
21,여동욱,키움,0.194,19,41,31,5,6,2,0,2,14,4,0,0,8,0,2,10,1,0.452,0.390,0.842,0,0.091,0.250
22,전태현,키움,0.188,6,16,16,1,3,1,0,0,4,0,0,0,0,0,0,5,0,0.250,0.188,0.438,0,0.000,0.500
23,오선진,키움,0.186,49,67,59,5,11,2,0,0,13,3,4,0,4,0,0,11,1,0.220,0.238,0.458,1,0.133,0.000
24,양현종,키움,0.175,15,46,40,4,7,2,0,2,15,5,0,1,5,0,0,19,0,0.375,0.261,0.636,1,0.083,0.250
25,김태진,키움,0.167,9,14,12,2,2,0,0,0,2,0,0,0,2,0,0,4,0,0.167,0.286,0.453,0,0.200,0.167
26,김동헌,키움,0.136,11,24,22,1,3,1,0,0,4,1,0,0,2,0,0,8,0,0.182,0.208,0.390,1,0.000,0.000
27,박성빈,키움,0.130,15,24,23,1,3,0,0,0,3,1,0,0,0,0,1,8,0,0.130,0.167,0.297,0,0.500,0.000
27,최재영,키움,0.130,15,26,23,3,3,1,0,0,4,3,0,1,2,0,0,9,1,0.174,0.192,0.366,1,0.286,0.000
29,박한결,키움,0.128,14,41,39,1,5,1,0,0,6,0,0,0,2,0,0,12,0,0.154,0.171,0.325,1,0.000,0.000
30,주성원,키움,0.125,11,20,16,2,2,0,0,0,2,0,0,0,3,0,1,6,0,0.125,0.300,0.425,0,0.000,0.250
31,박채울,키움,0.100,7,11,10,1,1,0,0,0,1,0,1,0,0,0,0,4,1,0.100,0.100,0.200,0,0.000,0.000
32,염승원,키움,0.077,5,14,13,0,1,0,0,0,1,0,1,0,0,0,0,5,0,0.077,0.077,0.154,0,0.000,0.000
33,김윤하,키움,-,1,0,0,0,0,0,0,0,0,0,0,0,0,0,0,0,0,-,-,-,0,0.000,0.000
33,김재현,키움,0.000,5,10,9,0,0,0,0,0,0,0,0,0,0,0,1,6,0,0.000,0.100,0.100,0,0.000,0.000
33,박병호,키움,-,1,0,0,0,0,0,0,0,0,0,0,0,0,0,0,0,0,-,-,-,0,0.000,0.000
33,박지성,키움,-,1,0,0,0,0,0,0,0,0,0,0,0,0,0,0,0,0,-,-,-,0,0.000,0.000
33,박진형,키움,-,1,0,0,0,0,0,0,0,0,0,0,0,0,0,0,0,0,-,-,-,0,0.000,0.000
33,이주형,키움,0.000,5,5,5,0,0,0,0,0,0,0,0,0,0,0,0,2,0,0.000,0.000,0.000,0,0.000,0.000
33,조영건,키움,-,1,0,0,0,0,0,0,0,0,0,0,0,0,0,0,0,0,-,-,-,0,0.000,0.000
1,권광민,한화,0.500,1,2,2,0,1,0,0,0,1,0,0,0,0,0,0,1,0,0.500,0.500,1.000,0,1.000,0.000
2,장규현,한화,0.400,2,5,5,0,2,0,0,0,2,0,0,0,0,0,0,0,0,0.400,0.400,0.800,0,0.000,1.000
3,페라자,한화,0.319,70,317,263,58,84,17,1,15,148,46,2,4,47,4,1,59,6,0.563,0.419,0.982,23,0.273,0.000
4,강백호,한화,0.316,66,289,256,42,81,17,0,17,149,70,0,1,31,1,1,61,5,0.582,0.391,0.973,24,0.413,0.000
5,김태연,한화,0.310,60,205,171,28,53,9,2,4,78,15,13,1,16,0,4,32,3,0.456,0.380,0.836,11,0.227,0.000
6,이도윤,한화,0.296,60,202,189,26,56,11,2,1,74,23,3,1,8,1,1,27,1,0.392,0.327,0.719,14,0.347,0.250
7,허인서,한화,0.282,61,202,174,32,49,4,0,11,86,38,3,2,19,2,4,60,1,0.494,0.362,0.856,8,0.341,0.000
8,문현빈,한화,0.281,68,311,263,44,74,17,4,9,126,45,1,3,40,0,4,33,11,0.479,0.381,0.860,19,0.246,0.000
9,이원석,한화,0.275,58,165,149,23,41,5,2,1,53,13,4,0,11,0,1,28,1,0.356,0.329,0.685,11,0.314,0.333
10,노시환,한화,0.257,63,287,253,47,65,13,0,10,108,42,1,2,26,0,5,81,6,0.427,0.336,0.763,19,0.222,0.000
11,하주석,한화,0.256,27,85,78,5,20,2,0,0,22,6,1,0,5,0,1,21,1,0.282,0.310,0.592,5,0.304,0.333
12,심우준,한화,0.255,62,222,188,33,48,6,0,3,63,22,5,0,26,0,3,37,1,0.335,0.355,0.690,11,0.250,0.000
13,유민,한화,0.250,8,24,20,1,5,0,0,0,5,2,0,0,2,0,2,9,0,0.250,0.375,0.625,1,0.143,0.000
14,채은성,한화,0.245,28,115,102,10,25,3,0,2,34,12,0,2,8,0,3,21,5,0.333,0.313,0.646,8,0.227,1.000
15,황영묵,한화,0.236,38,87,72,10,17,4,1,0,23,14,2,0,11,0,2,16,3,0.319,0.353,0.672,3,0.323,0.000
16,이진영,한화,0.225,36,83,71,10,16,2,0,2,24,12,0,1,10,0,1,25,1,0.338,0.325,0.663,4,0.238,0.091
17,박정현,한화,0.200,19,15,15,3,3,0,0,1,6,2,0,0,0,0,0,4,0,0.400,0.200,0.600,0,0.000,0.000
18,오재원,한화,0.182,61,114,99,24,18,2,0,0,20,6,3,0,12,0,0,18,2,0.202,0.270,0.472,4,0.182,0.000
19,최재훈,한화,0.160,36,98,81,10,13,0,0,0,13,12,2,2,7,0,6,17,3,0.160,0.271,0.431,1,0.114,0.000
20,최인호,한화,0.133,19,17,15,2,2,0,0,0,2,1,0,0,1,0,1,1,1,0.133,0.235,0.368,0,0.167,0.111
21,김서현,한화,-,1,0,0,0,0,0,0,0,0,0,0,0,0,0,0,0,0,-,-,-,0,0.000,0.000
21,이민우,한화,-,2,0,0,0,0,0,0,0,0,0,0,0,0,0,0,0,0,-,-,-,0,0.000,0.000
21,조동욱,한화,-,1,0,0,0,0,0,0,0,0,0,0,0,0,0,0,0,0,-,-,-,0,0.000,0.000
21,최유빈,한화,-,4,0,0,1,0,0,0,0,0,0,0,0,0,0,0,0,0,-,-,-,0,0.000,0.000
21,쿠싱,한화,-,3,0,0,0,0,0,0,0,0,0,0,0,0,0,0,0,0,-,-,-,0,0.000,0.000
